,Open,High,Low,Close,Volume
9:31:00,1107.72,1107.72,1107.11,1107.62,35271
9:32:00,1108.36,1110,1107.29,1110,8386
9:33:00,1112.11,1112.11,1109.29,1109.29,9096
9:34:00,1107.5,1107.5,1103.2198,1103.2198,10595
9:35:00,1103.85,1103.85,1102.36,1102.36,13013
9:36:00,1100,1100,1100,1100,4392
9:37:00,1101.65,1101.65,1100.4,1100.4,6834
9:38:00,1100.7,1101.1899,1097.53,1097.53,8551
9:39:00,1098.7305,1098.96,1098.7305,1098.96,4929
9:40:00,1097.86,1098.03,1097.86,1098.03,5933
9:41:00,1098.27,1099.85,1098.27,1099.6163,12482
9:42:00,1101.6899,1101.6899,1101.54,1101.54,4935
9:43:00,1099.3101,1100.13,1099.3101,1100.13,5540
9:44:00,1101.6317,1101.6317,1100,1100,6136
9:45:00,1099.42,1099.42,1099.42,1099.42,2227
9:46:00,1102.5,1102.5,1102.5,1102.5,1777
9:47:00,1101.6,1103,1101.6,1103,7744
9:48:00,1101.34,1102.35,1101.34,1102.35,5036
9:49:00,1099.58,1101.1,1099.58,1101.1,4366
9:50:00,1102.3647,1102.3647,1099.61,1099.61,4601
9:51:00,1099.29,1099.5551,1099.29,1099.5551,4995
9:52:00,1100.12,1102.92,1100.12,1102.92,8410
9:53:00,1102.78,1102.78,1102.585,1102.585,3675
9:54:00,1100.76,1100.76,1100.76,1100.76,1674
9:55:00,1101.2,1101.2,1099.97,1099.97,4020
9:56:00,1099.6801,1099.6801,1099.6801,1099.6801,7051
9:57:00,1099.33,1101.8199,1099.33,1101.8199,4079
9:58:00,1100.67,1101.0699,1099.42,1099.42,5601
9:59:00,1099.04,1099.04,1098.37,1098.37,6794
10:00:00,1097.67,1097.67,1097.16,1097.16,4266
10:01:00,1096.5601,1098,1096.5601,1097.11,12864
10:02:00,1097.785,1097.785,1097.785,1097.785,2647
10:03:00,1098.36,1098.36,1095.71,1095.71,4683
10:04:00,1095.6801,1095.6801,1095.29,1095.29,6700
10:05:00,1095,1095,1094.4399,1094.4399,5554
10:06:00,1094.0751,1097.005,1094.0751,1095.86,11043
10:07:00,1095.385,1095.385,1095.15,1095.15,4357
10:08:00,1094.6801,1094.85,1094.6801,1094.85,5343
10:09:00,1095.87,1095.87,1094.39,1094.39,4416
10:10:00,1095.85,1095.85,1095.01,1095.01,4855
10:11:00,1095.23,1095.23,1095.23,1095.23,2772
10:12:00,1095,1097.08,1094.4,1097.08,5511
10:13:00,1094.83,1094.83,1094.83,1094.83,1267
10:14:00,1094.803,1094.803,1094.803,1094.803,1085
10:15:00,1094.59,1094.59,1092.27,1092.27,10261
10:16:00,1091.74,1092.36,1091,1091,8208
10:17:00,1091.63,1091.63,1091.41,1091.41,4041
10:18:00,1091.4301,1091.4301,1091.4301,1091.4301,963
10:19:00,1090.67,1090.67,1090.67,1090.67,1760
10:20:00,1090,1090,1089.38,1089.38,4461
10:21:00,1090.33,1091.4183,1090.33,1091.4183,7308
10:22:00,1091.92,1092.42,1091.92,1092.42,7255
10:23:00,1094,1094,1094,1094,1754
10:24:00,1094.63,1094.6665,1094.63,1094.6665,3099
10:25:00,1095.59,1095.59,1095.59,1095.59,2405
10:26:00,1096.696,1096.696,1096.696,1096.696,2427
10:27:00,1097.05,1097.05,1097.05,1097.05,1031
10:28:00,1097.2058,1097.2058,1096.72,1096.92,5523
10:29:00,1096.9399,1096.9399,1096.9399,1096.9399,1070
10:30:00,1097.05,1097.05,1097.05,1097.05,2065
10:31:00,1095.52,1095.71,1095.52,1095.71,3129
10:32:00,1095.6821,1095.6821,1095.6821,1095.6821,3177
10:33:00,1096.2725,1096.2725,1096.2725,1096.2725,1700
10:34:00,1097.08,1097.735,1097.08,1097.735,3904
10:35:00,1098.85,1098.85,1098.85,1098.85,2197
10:36:00,1098.3857,1098.3857,1098.3857,1098.3857,2763
10:38:00,1098.16,1098.51,1098.16,1098.51,3849
10:39:00,1098.0699,1098.1154,1098.0699,1098.1154,3660
10:40:00,1097.0699,1097.22,1097.0699,1097.22,4866
10:41:00,1098.0544,1098.4659,1098.0544,1098.4659,4908
10:42:00,1097.2498,1097.9,1097.2498,1097.9,3837
10:43:00,1097.4435,1097.4435,1096.26,1096.26,3714
10:44:00,1097.0601,1097.0601,1097.0601,1097.0601,1470
10:45:00,1095.72,1095.72,1095.72,1095.72,1429
10:46:00,1095.6768,1095.6768,1095.6768,1095.6768,2143
10:47:00,1095.91,1096.55,1095.91,1096.55,3784
10:48:00,1096.61,1096.61,1096.61,1096.61,4274
10:49:00,1096.11,1096.11,1096.11,1096.11,1376
10:50:00,1097.03,1097.03,1097.03,1097.03,1382
10:51:00,1096.53,1096.53,1096.53,1096.53,2359
10:53:00,1097.15,1097.9351,1097.15,1097.9351,2626
10:54:00,1097.4399,1098.24,1097.4399,1098.0699,6142
10:55:00,1097.9,1100,1097.9,1100,4553
10:56:00,1101.29,1101.29,1101.29,1101.29,1282
10:57:00,1100.51,1101.58,1100.51,1100.8199,9264
10:58:00,1101.05,1101.05,1101.05,1101.05,956
10:59:00,1100.66,1101.45,1100.66,1101.45,2539
11:00:00,1101.26,1101.26,1101.26,1101.26,1579
11:01:00,1100.98,1100.98,1100.98,1100.98,2706
11:02:00,1101.71,1101.7212,1101.71,1101.7212,2370
11:03:00,1100.92,1100.92,1100.92,1100.92,1327
11:04:00,1101.4301,1101.4301,1101.4301,1101.4301,1646
11:05:00,1100.6899,1101.5184,1100.6899,1101.5184,2817
11:06:00,1103.09,1103.09,1103.09,1103.09,1550
11:07:00,1104.21,1105,1104.21,1105,6137
11:08:00,1104.37,1104.6195,1104.37,1104.6195,4130
11:09:00,1106,1106,1106,1106,1275
11:10:00,1105.98,1106.41,1105.92,1106.41,5233
11:12:00,1105.99,1105.99,1105.62,1105.62,3490
11:13:00,1107.7,1107.7,1107.52,1107.52,3903
11:14:00,1108.78,1108.78,1108.78,1108.78,2091
11:15:00,1107.9116,1107.9116,1107.9116,1107.9116,1337
11:16:00,1107.65,1107.65,1107.65,1107.65,2788
11:17:00,1108.42,1108.87,1108.42,1108.87,2723
11:18:00,1108.3,1108.3,1107.7969,1107.7969,4445
11:19:00,1109.0601,1109.0601,1107.955,1107.955,5854
11:20:00,1108.14,1108.14,1108.14,1108.14,3327
11:21:00,1108.7104,1108.7104,1108.7104,1108.7104,1757
11:22:00,1108.9399,1108.9399,1108.79,1108.79,3287
11:23:00,1108.96,1108.96,1108.92,1108.92,3168
11:24:00,1107.52,1107.52,1107.52,1107.52,2402
11:25:00,1108.0854,1108.0854,1108.0854,1108.0854,1354
11:26:00,1106.9399,1107.92,1106.9399,1107.92,3101
11:27:00,1108.9705,1108.9705,1108.9705,1108.9705,1918
11:28:00,1110.8004,1110.8004,1110.8004,1110.8004,1437
11:29:00,1111.1801,1111.1801,1110.4764,1110.4764,2843
11:31:00,1110,1110,1109.92,1109.92,2737
11:32:00,1109.02,1109.02,1109.02,1109.02,1644
11:33:00,1108.4164,1108.4164,1108.4164,1108.4164,1135
11:34:00,1107.86,1107.89,1107.86,1107.89,3215
11:35:00,1106.3201,1106.3201,1106.3201,1106.3201,1956
11:36:00,1105.91,1105.91,1105.91,1105.91,1120
11:37:00,1105.79,1105.79,1105.79,1105.79,1233
11:38:00,1106.5532,1106.5532,1106.5532,1106.5532,1398
11:39:00,1106.55,1107.005,1106.55,1107.005,2978
11:40:00,1107.8187,1107.8187,1106.55,1106.55,3365
11:41:00,1106.29,1106.29,1105.86,1105.86,2775
11:42:00,1105.89,1105.89,1105.89,1105.89,1917
11:43:00,1106.085,1106.085,1104.47,1104.47,4695
11:44:00,1105.6064,1105.6064,1104.61,1104.61,3066
11:45:00,1104.76,1104.76,1104.76,1104.76,1678
11:46:00,1104.41,1104.41,1103.9399,1103.9399,3162
11:47:00,1104.25,1104.9,1104.25,1104.9,2979
11:48:00,1104.17,1104.17,1104.17,1104.17,572
11:49:00,1103.87,1103.87,1103.87,1103.87,1323
11:50:00,1103.88,1104.24,1103.88,1104.24,1898
11:51:00,1104.5966,1104.5966,1104.5966,1104.5966,1051
11:52:00,1103.54,1103.92,1103.54,1103.92,2305
11:53:00,1102.59,1102.59,1100.01,1101.528,8559
11:54:00,1101.4301,1101.4301,1100.96,1101.13,3677
11:55:00,1101.1842,1101.1842,1099.8199,1099.8199,3556
11:56:00,1101.23,1101.325,1101.23,1101.325,3098
11:57:00,1101.13,1101.13,1100,1100,6101
11:58:00,1099.97,1099.97,1098.45,1098.45,4606
11:59:00,1098.7,1098.7,1098.5,1098.5,3294
12:00:00,1098.05,1098.05,1098.05,1098.05,2135
12:01:00,1098.6035,1098.6035,1096.95,1097.21,2998
12:03:00,1097.17,1097.88,1097.17,1097.88,1900
12:04:00,1097.75,1098.5649,1097.75,1098.5649,2485
12:05:00,1097.3906,1097.8051,1097.3906,1097.8051,1809
12:06:00,1098.79,1098.85,1098.79,1098.85,2323
12:07:00,1097.85,1098.11,1097.85,1098.11,2363
12:08:00,1099.145,1099.145,1099.145,1099.145,742
12:09:00,1099.415,1099.415,1099.08,1099.08,2453
12:10:00,1099,1099,1097.8094,1097.8094,10554
12:11:00,1097.28,1097.28,1097.28,1097.28,775
12:12:00,1097.64,1097.64,1096.88,1096.88,3455
12:13:00,1097.8254,1097.8254,1097.8254,1097.8254,475
12:14:00,1096.24,1096.24,1096.24,1096.24,1442
12:15:00,1096.2898,1096.2898,1096.2898,1096.2898,563
12:16:00,1095.5601,1096.63,1095.5601,1096.63,1942
12:17:00,1096.5306,1096.7,1096.5306,1096.5425,3164
12:18:00,1097.17,1097.17,1097.17,1097.17,1034
12:19:00,1096.6409,1096.6409,1096.5,1096.5,1964
12:20:00,1097.66,1097.66,1097.05,1097.05,1982
12:21:00,1096.7982,1096.7982,1096.7982,1096.7982,559
12:22:00,1097.39,1097.39,1097.39,1097.39,658
12:23:00,1098.0601,1099.23,1098.0601,1099.23,3070
12:24:00,1099.83,1099.8304,1099.83,1099.8304,2914
12:25:00,1099.99,1099.99,1099.99,1099.99,524
12:26:00,1098.5184,1098.5184,1098.5184,1098.5184,933
12:27:00,1098.446,1098.446,1098.446,1098.446,1239
12:28:00,1099.54,1100.4496,1099.54,1100.4496,3884
12:30:00,1099.8669,1099.8669,1099.8669,1099.8669,605
12:31:00,1099.85,1099.85,1099.85,1099.85,685
12:32:00,1099.28,1099.28,1099.0601,1099.0601,1930
12:33:00,1099.26,1099.26,1099.25,1099.25,2950
12:34:00,1100.85,1101.11,1100.85,1101.11,1833
12:35:00,1103.17,1103.17,1103.17,1103.17,1050
12:36:00,1103.03,1103.3051,1103.03,1103.3051,2369
12:37:00,1103.96,1103.96,1103.96,1103.96,1840
12:38:00,1103.36,1103.36,1103.36,1103.36,1899
12:39:00,1102.62,1102.62,1102.62,1102.62,480
12:40:00,1102.645,1103.28,1102.645,1103.28,1903
12:41:00,1103.28,1103.28,1102.97,1102.97,1103
12:42:00,1101.8817,1101.8817,1101.8817,1101.8817,1183
12:43:00,1101.8199,1101.8199,1101.8199,1101.8199,1059
12:44:00,1101.7965,1101.7965,1101.7965,1101.7965,299
12:46:00,1101.67,1101.74,1101.61,1101.61,9519
12:47:00,1101.76,1101.76,1100.4301,1100.64,3668
12:48:00,1100.6,1100.6,1100.6,1100.6,1472
12:49:00,1101.25,1101.25,1101.25,1101.25,2167
12:50:00,1101.7255,1101.7255,1101.7255,1101.7255,1366
12:51:00,1101.9517,1101.9517,1101.9517,1101.9517,638
12:53:00,1102.26,1102.26,1102.1899,1102.1899,2425
12:54:00,1100.7603,1100.7603,1100.7603,1100.7603,508
12:55:00,1100.88,1100.88,1100.88,1100.88,1853
12:57:00,1100.9399,1100.9399,1100.83,1100.83,1854
12:58:00,1101.54,1101.54,1101.54,1101.54,712
12:59:00,1100.525,1101.1899,1100.525,1100.78,2472
13:00:00,1100.89,1100.89,1100.89,1100.89,592
13:01:00,1101.76,1102,1101.76,1102,2600
13:02:00,1101.58,1101.58,1101.11,1101.11,1986
13:03:00,1101.14,1101.14,1101.14,1101.14,1020
13:04:00,1102.89,1102.89,1102.89,1102.89,1819
13:05:00,1103.24,1103.24,1103.24,1103.24,918
13:06:00,1103.2117,1103.2117,1103.2117,1103.2117,2017
13:07:00,1103.2,1103.2,1102.4987,1102.4987,4330
13:08:00,1103.3431,1103.3431,1103.3431,1103.3431,956
13:09:00,1104.1893,1104.1893,1103.3,1103.3,3265
13:10:00,1103.34,1103.34,1102.2753,1102.2753,2772
13:11:00,1102.38,1102.38,1101.04,1101.04,2373
13:13:00,1101.12,1101.3199,1101.12,1101.3199,1862
13:14:00,1102.74,1103.08,1101.5699,1102.26,4739
13:15:00,1102.95,1102.9921,1102.95,1102.9921,1885
13:16:00,1102.67,1102.67,1102.67,1102.67,814
13:17:00,1101.8,1101.8,1101.8,1101.8,950
13:18:00,1101.27,1101.27,1101.27,1101.27,1952
13:19:00,1101.4363,1101.4363,1100.97,1100.97,1552
13:20:00,1102.645,1102.645,1102.29,1102.29,3801
13:21:00,1101.24,1101.24,1101.24,1101.24,1395
13:22:00,1100.8,1100.8,1100.705,1100.705,4002
13:23:00,1100.8051,1100.8051,1100.7,1100.775,4047
13:25:00,1101.125,1101.125,1100.79,1100.79,1325
13:26:00,1100.88,1100.88,1100.88,1100.88,1152
13:27:00,1100.5541,1100.5541,1100.335,1100.335,1919
13:28:00,1099.5699,1099.5699,1098.85,1098.85,3560
13:29:00,1099.26,1100.04,1099.26,1100.04,2325
13:30:00,1099.72,1099.72,1099.72,1099.72,615
13:31:00,1098.87,1099.17,1098.87,1099.17,2674
13:32:00,1100.87,1101.21,1100.87,1101.21,1684
13:33:00,1101.21,1101.21,1101.21,1101.21,1022
13:34:00,1101.21,1101.21,1101.21,1101.21,773
13:35:00,1101.7354,1102.0706,1101.7354,1102.0706,1482
13:36:00,1101.85,1101.85,1101.85,1101.85,895
13:37:00,1102.0699,1102.0699,1101.9301,1101.9301,2230
13:38:00,1101.2,1101.2,1101.2,1101.2,611
13:39:00,1101.1801,1101.45,1101.1801,1101.45,2086
13:40:00,1101.16,1101.16,1101.16,1101.16,822
13:41:00,1101.9399,1101.9399,1101.46,1101.46,1914
13:42:00,1102.1,1102.1,1102.1,1102.1,769
13:43:00,1103.21,1104.45,1103.21,1104.45,2083
13:44:00,1104.2826,1104.2826,1102.63,1102.63,2564
13:45:00,1102.8954,1103.95,1102.8954,1103.256,2719
13:46:00,1104.42,1104.42,1104.42,1104.42,1160
13:47:00,1104.6899,1104.6899,1104.6899,1104.6899,1092
13:48:00,1104.95,1104.95,1104.545,1104.545,2352
13:49:00,1105.13,1105.41,1105.13,1105.41,1335
13:50:00,1106.45,1106.45,1106.3867,1106.3867,2347
13:51:00,1106.61,1106.61,1106.015,1106.015,3218
13:52:00,1104.97,1104.97,1104.97,1104.97,962
13:53:00,1105.17,1105.36,1105.0551,1105.0551,2308
13:55:00,1104.4525,1105.5601,1104.4525,1105.5601,1975
13:56:00,1105.6801,1105.6801,1104.41,1104.4989,2560
13:58:00,1104.615,1104.615,1104.615,1104.615,1064
13:59:00,1105.1,1105.1,1105.1,1105.1,753
14:00:00,1105.17,1105.17,1105.17,1105.17,1304
14:01:00,1104.7574,1104.7574,1104.7574,1104.7574,1037
14:02:00,1104.34,1104.34,1104.34,1104.34,683
14:03:00,1103.41,1103.46,1103.04,1103.04,3299
14:04:00,1103.1,1103.1,1103.1,1103.1,757
14:05:00,1104.71,1104.71,1104.71,1104.71,1414
14:06:00,1104.03,1104.03,1104,1104,2312
14:07:00,1102.55,1102.83,1102.02,1102.59,4913
14:09:00,1102.7931,1102.7931,1102.7931,1102.7931,746
14:10:00,1101.71,1102.0601,1101.71,1102.0601,2054
14:11:00,1101.6951,1101.6951,1101.6951,1101.6951,832
14:12:00,1101.1801,1101.1801,1100.365,1101.04,3381
14:14:00,1099.92,1100,1099.92,1100,2631
14:15:00,1100.2748,1100.2748,1098.5601,1098.61,2721
14:16:00,1099.027,1099.027,1099.027,1099.027,938
14:17:00,1099.29,1099.29,1099.29,1099.29,1021
14:18:00,1099.58,1099.67,1099.58,1099.67,1940
14:19:00,1099.1302,1099.1302,1099.1302,1099.1302,652
14:20:00,1099.39,1099.39,1099.24,1099.24,1705
14:21:00,1099.7,1100.5601,1099.7,1100.5601,1939
14:22:00,1100.86,1101.2756,1100.86,1101.2756,2569
14:23:00,1100.47,1100.47,1100.47,1100.47,512
14:24:00,1100.4399,1100.4399,1100.4399,1100.4399,636
14:25:00,1100.99,1100.99,1100.11,1100.11,3027
14:26:00,1099.89,1100.01,1099.89,1100.01,3303
14:27:00,1099.36,1099.36,1098.37,1098.87,2380
14:28:00,1099.0699,1099.0699,1099.0699,1099.0699,712
14:29:00,1097.975,1098.08,1097.24,1098.08,3139
14:30:00,1098.0699,1098.0699,1098.0699,1098.0699,976
14:31:00,1097.0601,1097.0601,1096.91,1096.91,1652
14:32:00,1097.0592,1097.23,1097.0592,1097.23,1641
14:33:00,1097.12,1098.04,1097.12,1098.04,2035
14:34:00,1097.8101,1097.8101,1097.8101,1097.8101,731
14:35:00,1098.04,1098.04,1097.83,1097.83,2172
14:36:00,1097.11,1097.11,1096.97,1097.1,3568
14:37:00,1096.96,1097.348,1096.96,1097.348,2293
14:38:00,1096.88,1097.05,1096.88,1097.05,1429
14:39:00,1097.9,1097.9,1097.35,1097.35,2232
14:40:00,1098.5133,1098.5133,1098.29,1098.29,2516
14:41:00,1098.8949,1099.3199,1098.8949,1099.3199,1910
14:42:00,1099.24,1099.24,1099.24,1099.24,708
14:43:00,1099.22,1099.22,1098.9,1099.0699,2816
14:44:00,1099.25,1100.12,1099.25,1100.12,1630
14:45:00,1100.45,1100.45,1100.45,1100.45,643
14:46:00,1100.71,1100.71,1100.71,1100.71,1641
14:47:00,1100.5747,1100.5747,1100.5747,1100.5747,878
14:48:00,1100.8199,1101.1,1100.8199,1101.1,2147
14:49:00,1101.3199,1101.6941,1101.3199,1101.6941,1577
14:50:00,1101.9301,1101.9301,1101.9301,1101.9301,959
14:51:00,1102.96,1103.415,1102.96,1103.415,1804
14:52:00,1102.8984,1102.8984,1102.8984,1102.8984,567
14:53:00,1104.1465,1104.1465,1104.13,1104.13,1399
14:54:00,1104.2776,1104.2776,1104.2776,1104.2776,994
14:55:00,1104.62,1104.62,1104.58,1104.58,2365
14:56:00,1103.4738,1103.4738,1103.4738,1103.4738,1145
14:57:00,1103.4128,1103.4128,1103.4128,1103.4128,1197
14:58:00,1103.37,1103.52,1103.37,1103.52,2388
14:59:00,1103.33,1103.33,1103.33,1103.33,510
15:00:00,1102.83,1102.83,1102.0302,1102.0302,2714
15:01:00,1103.15,1103.15,1102.3217,1102.3217,1978
15:02:00,1102.551,1102.551,1102.551,1102.551,2085
15:03:00,1103.345,1103.345,1103.345,1103.345,626
15:04:00,1102.3101,1102.3101,1102.3101,1102.3101,635
15:05:00,1103.7249,1103.87,1103.7249,1103.87,2442
15:06:00,1103.4905,1103.4905,1103.4905,1103.4905,641
15:07:00,1104.15,1104.15,1103.71,1103.71,2780
15:08:00,1103.77,1103.77,1103.77,1103.77,437
15:09:00,1104.9504,1105.16,1103.49,1103.49,4494
15:10:00,1101.52,1102.03,1101.52,1102.03,2064
15:11:00,1101.61,1101.61,1100.98,1100.98,2870
15:12:00,1100.42,1100.42,1098.59,1099.29,5577
15:13:00,1099.73,1099.73,1099.73,1099.73,925
15:14:00,1100.76,1100.76,1099.35,1099.36,4152
15:15:00,1098.8199,1098.8199,1098.51,1098.51,2383
15:16:00,1098.8199,1098.8199,1098.8199,1098.8199,916
15:17:00,1098.0601,1099.51,1098.0601,1099.51,3017
15:18:00,1097.8,1098.08,1097.02,1097.02,3696
15:19:00,1096.9301,1096.9301,1096.9301,1096.9301,572
15:20:00,1096.6899,1097.42,1096.6899,1097.42,3221
15:21:00,1097.02,1097.02,1096.4194,1096.4194,1962
15:22:00,1097.8275,1098.67,1097.77,1098.67,5842
15:23:00,1099.0601,1099.925,1099,1099,8333
15:24:00,1099.52,1099.52,1098.86,1099.1,5353
15:25:00,1099.67,1099.97,1099.67,1099.9398,2260
15:26:00,1100.4578,1100.4578,1100.4578,1100.4578,753
15:27:00,1100.1899,1100.1899,1100.12,1100.12,2001
15:28:00,1100.67,1100.67,1098.83,1098.83,3681
15:29:00,1099.1899,1099.1899,1098.52,1098.52,1989
15:30:00,1097.78,1098.12,1097.63,1097.63,4784
15:31:00,1097.98,1097.98,1097.98,1097.98,1599
15:32:00,1098.3929,1098.3929,1096.45,1096.45,2773
15:33:00,1096.0699,1096.4301,1096.0699,1096.4301,2718
15:34:00,1096.4,1096.6,1096.12,1096.12,2850
15:35:00,1095.4301,1095.4301,1095.4301,1095.4301,1663
15:36:00,1095.3997,1097.08,1095.3997,1097.08,2896
15:37:00,1097.35,1097.35,1096.4301,1096.4301,2038
15:38:00,1096.23,1096.23,1095.9537,1095.9537,4530
15:39:00,1096.755,1096.755,1096.48,1096.48,2409
15:40:00,1096.51,1096.51,1096.39,1096.5,3686
15:41:00,1096.4,1097.33,1096.4,1097.33,2703
15:42:00,1097.76,1098.36,1097.76,1098.3149,6020
15:43:00,1098.42,1098.42,1097.48,1097.48,2826
15:44:00,1097.61,1097.88,1097.61,1097.88,2201
15:45:00,1097.47,1097.47,1097.39,1097.4,4818
15:46:00,1097.23,1097.23,1096.4,1096.95,5005
15:47:00,1097.38,1097.38,1096.4,1097.0225,5383
15:48:00,1097.53,1097.53,1096.2426,1096.5699,3843
15:49:00,1095.96,1097.01,1095.96,1097.01,6128
15:50:00,1096.9399,1096.9399,1096.24,1096.24,3578
15:51:00,1095.42,1096.8101,1095,1095.78,9914
15:52:00,1095.87,1095.92,1095,1095,7450
15:53:00,1094.5601,1094.58,1093.46,1093.5,8910
15:54:00,1093.42,1093.98,1093,1093.78,8979
15:55:00,1093.51,1094.715,1093.51,1094.715,8412
15:56:00,1095.5,1095.59,1094.92,1095.3199,4754
15:57:00,1094.5601,1094.72,1093.8101,1094.72,5696
15:58:00,1094.89,1094.89,1093.54,1094.46,6600
15:59:00,1094.46,1095.6801,1094.46,1094.9,11183
16:00:00,1094.4,1094.4,1091.66,1091.66,27703
9:31:00,1104.5907,1104.99,1104.29,1104.99,23505
9:32:00,1106.2026,1106.3101,1106.2026,1106.3101,6125
9:33:00,1105.08,1105.08,1104.3654,1104.3654,5443
9:34:00,1105,1107,1105,1107,12189
9:35:00,1107.75,1108.05,1106.88,1106.88,10529
9:36:00,1108.55,1108.55,1108.55,1108.55,2689
9:37:00,1105.38,1105.38,1104.39,1104.39,7613
9:38:00,1107.67,1107.9301,1106.35,1106.35,5830
9:39:00,1107.1801,1107.1801,1107.1801,1107.1801,1924
9:40:00,1104.535,1105.99,1104.535,1105.99,4527
9:41:00,1106.84,1106.84,1105.59,1105.59,6148
9:42:00,1106.6801,1107.29,1106.6801,1107.29,5672
9:43:00,1106.63,1109.88,1106.63,1109.88,12097
9:44:00,1109.8199,1110.61,1109.52,1110.2,9590
9:45:00,1111.4399,1111.9301,1111.36,1111.36,6763
9:46:00,1112.6,1112.6,1110.7791,1110.7791,5717
9:47:00,1108.0692,1109.215,1107.3101,1109.215,9282
9:48:00,1109.5054,1109.5054,1109.335,1109.335,4524
9:49:00,1109.79,1109.79,1109.5601,1109.5601,3236
9:50:00,1109.71,1110.17,1109.71,1110.17,4441
9:51:00,1108.73,1108.73,1108.55,1108.55,5556
9:52:00,1109.12,1109.12,1109.12,1109.12,1426
9:53:00,1108.4399,1109.45,1108.4399,1109.45,3982
9:54:00,1110.23,1110.23,1110.01,1110.01,3980
9:55:00,1110.1,1110.1,1109.61,1109.61,4910
9:56:00,1110.61,1110.61,1110.61,1110.61,1933
9:57:00,1111.015,1112.25,1111.015,1112.25,5861
9:58:00,1114.37,1114.37,1114.37,1114.37,1804
9:59:00,1113.55,1115,1113.55,1115,6108
10:00:00,1115.65,1116.36,1115.65,1116.36,6892
10:01:00,1116.4,1116.6,1116.4,1116.6,4764
10:02:00,1114.21,1115.03,1114.21,1115.03,4881
10:03:00,1115.88,1115.88,1115.38,1115.38,4202
10:04:00,1116.55,1116.55,1116.34,1116.45,6066
10:05:00,1115.77,1115.77,1115.77,1115.77,2445
10:06:00,1116.02,1116.02,1115.73,1115.73,4229
10:07:00,1116,1116,1116,1116,1773
10:08:00,1115.3704,1115.3704,1114.96,1114.96,4380
10:09:00,1115.365,1115.365,1115.365,1115.365,1810
10:10:00,1115.09,1115.67,1114.36,1114.36,5396
10:11:00,1114.6324,1114.6324,1114.6324,1114.6324,1544
10:12:00,1114.7806,1114.7806,1114.7806,1114.7806,1444
10:13:00,1114.17,1114.9729,1114.17,1114.9729,3601
10:14:00,1115.1801,1115.1801,1115.1801,1115.1801,2604
10:15:00,1113.29,1114.15,1113.29,1114.15,4748
10:16:00,1113.87,1113.87,1113.87,1113.87,2367
10:17:00,1114.03,1114.2902,1114.03,1114.2902,3820
10:18:00,1112.04,1112.04,1111.55,1111.55,3792
10:19:00,1111.42,1111.42,1111.42,1111.42,933
10:20:00,1110.8319,1110.8319,1110.8319,1110.8319,2701
10:21:00,1110.42,1110.95,1110.42,1110.95,4829
10:22:00,1109.34,1109.34,1108.91,1108.91,5815
10:23:00,1108.6801,1109.62,1108.6801,1109.62,6306
10:24:00,1109.45,1109.45,1109.45,1109.45,3022
10:25:00,1110,1110,1109.27,1109.27,4284
10:26:00,1109.1078,1109.1078,1109.1078,1109.1078,1529
10:27:00,1108.75,1108.75,1107.64,1107.64,3887
10:28:00,1108.1804,1108.1804,1108.1804,1108.1804,877
10:29:00,1108.7368,1108.7368,1108.7368,1108.7368,1540
10:30:00,1108.99,1108.99,1107.0601,1107.0601,4285
10:31:00,1107.27,1107.27,1107.27,1107.27,3225
10:32:00,1107.85,1107.87,1107.85,1107.87,3335
10:33:00,1107.5905,1108,1107.5905,1108,2994
10:34:00,1108.785,1108.785,1106.2,1106.2,5741
10:35:00,1106.1047,1106.13,1106.1047,1106.13,2973
10:36:00,1106,1106,1106,1106,1298
10:37:00,1106.0601,1106.0601,1106.0601,1106.0601,1683
10:38:00,1105.24,1105.24,1105.0103,1105.0103,7145
10:39:00,1104.76,1104.76,1104.76,1104.76,2318
10:40:00,1106.08,1106.88,1106.08,1106.88,4283
10:41:00,1107.62,1107.62,1107.53,1107.53,3469
10:42:00,1107.99,1107.99,1107.99,1107.99,2185
10:43:00,1110.1704,1110.1704,1110.1704,1110.1704,2573
10:44:00,1110.45,1110.45,1110.45,1110.45,1723
10:45:00,1110.49,1110.49,1110.49,1110.49,3519
10:46:00,1111.23,1111.23,1111.23,1111.23,2777
10:47:00,1112,1112,1111.41,1111.41,3647
10:48:00,1110.67,1110.67,1110.67,1110.67,2558
10:49:00,1110.2792,1110.2792,1110.2792,1110.2792,2146
10:50:00,1110.74,1110.74,1110.74,1110.74,1268
10:51:00,1111.4604,1111.4604,1111.4604,1111.4604,1675
10:52:00,1111.91,1113.09,1111.91,1113.09,3941
10:53:00,1112.8199,1112.8199,1112.3113,1112.3113,3422
10:54:00,1112.7954,1112.7954,1112.7954,1112.7954,1007
10:55:00,1113.02,1113.02,1113.02,1113.02,1602
10:56:00,1114.2904,1114.2904,1114.2904,1114.2904,2140
10:57:00,1113.87,1113.87,1113.87,1113.87,1563
10:58:00,1113.59,1113.6461,1113.59,1113.6461,3479
10:59:00,1113.0699,1113.0699,1113.0699,1113.0699,1475
11:00:00,1112.681,1113.6801,1112.681,1113.6801,2782
11:01:00,1114.24,1114.24,1114.24,1114.24,2158
11:02:00,1113.5699,1113.5699,1113.01,1113.01,3072
11:03:00,1113.14,1113.14,1113.14,1113.14,985
11:04:00,1113.58,1113.58,1113.58,1113.58,1252
11:05:00,1112.63,1112.99,1112.63,1112.99,2450
11:06:00,1113.55,1113.55,1113.55,1113.55,1863
11:07:00,1113.33,1113.77,1113.33,1113.77,2169
11:09:00,1114.5,1114.5,1114.5,1114.5,1282
11:10:00,1114.25,1114.25,1114.25,1114.25,2160
11:11:00,1114.51,1114.51,1114.51,1114.51,2137
11:12:00,1114.0232,1114.0232,1114.0232,1114.0232,2279
11:13:00,1113.4282,1113.4282,1113.4282,1113.4282,1538
11:14:00,1114.09,1115.5,1114.09,1114.89,5487
11:15:00,1116.7002,1116.7002,1116.7002,1116.7002,1649
11:16:00,1116.96,1116.96,1116.96,1116.96,2455
11:17:00,1117.47,1117.5,1117.47,1117.5,3196
11:18:00,1117.3199,1118.1801,1117.3199,1118.1801,5934
11:19:00,1118.8,1119.3101,1118.8,1119.3101,4881
11:20:00,1118.51,1118.51,1118.51,1118.51,2432
11:21:00,1117.8199,1119.27,1117.8199,1119.27,2512
11:22:00,1118.1801,1118.6862,1118.1801,1118.6862,4187
11:24:00,1118.63,1118.63,1118.3101,1118.3101,2263
11:25:00,1119.05,1119.72,1119.05,1119.7,7173
11:26:00,1119.49,1119.49,1118.64,1118.64,3064
11:27:00,1119.1539,1119.1539,1119.1539,1119.1539,2464
11:28:00,1120.025,1120.025,1119.74,1119.74,4021
11:29:00,1120.3199,1120.3199,1120.3199,1120.3199,1959
11:30:00,1120.02,1120.02,1120.02,1120.02,1756
11:31:00,1119.85,1119.85,1119.11,1119.11,3185
11:32:00,1118.6,1118.6,1117.48,1117.48,3041
11:33:00,1118.65,1118.65,1118.65,1118.65,2145
11:34:00,1118.9399,1119.3254,1118.9399,1119.3254,2882
11:35:00,1119.76,1120.13,1119.76,1120.13,3436
11:36:00,1119.09,1119.09,1119.09,1119.09,3015
11:37:00,1119.118,1119.118,1119.118,1119.118,1263
11:39:00,1119.71,1119.71,1119.38,1119.38,2505
11:40:00,1120.16,1120.16,1120.16,1120.16,1720
11:41:00,1119.34,1119.34,1118.85,1118.85,3876
11:42:00,1118.09,1118.09,1116.42,1116.42,7735
11:43:00,1116.79,1116.79,1116.79,1116.79,2022
11:44:00,1116.7548,1116.7548,1116.7548,1116.7548,517
11:45:00,1117,1117,1117,1117,1059
11:46:00,1117.13,1117.13,1117.13,1117.13,1196
11:47:00,1116.74,1116.74,1116.36,1116.36,1551
11:48:00,1117.0269,1117.0269,1117.0269,1117.0269,1718
11:49:00,1117.13,1117.13,1116.6,1116.6,7797
11:51:00,1117.6654,1117.6654,1116.99,1116.99,5014
11:52:00,1116.6899,1116.6899,1116.6899,1116.6899,1182
11:53:00,1117.13,1117.13,1117.13,1117.13,661
11:54:00,1117.1804,1117.1804,1116.645,1116.645,2269
11:55:00,1116,1116,1115.6959,1115.6959,1944
11:56:00,1116.7166,1117,1116.7166,1116.98,4933
11:57:00,1117,1117,1117,1117,826
11:58:00,1116.3199,1117.14,1116.3199,1116.65,6220
11:59:00,1117.015,1117.015,1117,1117,2686
12:00:00,1116.89,1117.65,1116.78,1116.78,12201
12:01:00,1117,1117.21,1117,1117.1,3898
12:02:00,1116.3,1116.34,1116.3,1116.34,2307
12:03:00,1117.9301,1117.9301,1117.63,1117.6475,4458
12:04:00,1117.27,1117.27,1117.25,1117.25,2814
12:05:00,1117.0601,1117.0601,1117.02,1117.02,2158
12:06:00,1116.86,1117,1116.86,1117,1863
12:07:00,1115.97,1116.5699,1115.97,1116.5699,2246
12:08:00,1117.0304,1117.0304,1117.0304,1117.0304,891
12:09:00,1117.21,1117.27,1116.62,1117.0551,10243
12:10:00,1117.025,1117.025,1115.9301,1115.9301,3073
12:11:00,1115.49,1115.76,1115.49,1115.53,4123
12:12:00,1116.39,1116.39,1116.39,1116.39,1308
12:13:00,1115.8101,1116,1115.09,1116,6516
12:14:00,1115.652,1115.652,1114.92,1114.92,10356
12:15:00,1114.62,1114.95,1114.62,1114.95,2318
12:16:00,1115.125,1115.125,1115.125,1115.125,661
12:17:00,1115.6936,1115.6936,1115.675,1115.675,1927
12:18:00,1115.41,1115.41,1114.75,1114.75,2466
12:19:00,1114.42,1114.42,1114.42,1114.42,1313
12:20:00,1114.05,1114.05,1113.74,1113.74,2579
12:21:00,1114.5948,1114.5948,1114.27,1114.27,2278
12:22:00,1114.78,1114.78,1113.91,1113.91,3828
12:23:00,1114.63,1114.85,1114.63,1114.85,2355
12:24:00,1114.5,1114.9351,1114.5,1114.9351,3292
12:25:00,1114.61,1114.61,1114.22,1114.22,2743
12:26:00,1114.42,1114.4301,1114.42,1114.4301,1912
12:27:00,1113.48,1114.64,1113.48,1114.64,2087
12:28:00,1114.37,1114.37,1114.37,1114.37,1081
12:29:00,1115.75,1115.75,1115.335,1115.335,1740
12:30:00,1115.01,1115.01,1115.01,1115.01,1163
12:31:00,1115.36,1115.36,1115.1801,1115.1801,2120
12:32:00,1115.2,1115.2,1115.2,1115.2,1495
12:33:00,1115.3101,1115.4301,1115.145,1115.145,7276
12:34:00,1114.5,1114.99,1114.5,1114.71,6052
12:35:00,1115.04,1115.52,1114.1899,1115.52,4204
12:36:00,1115.535,1115.8101,1115.535,1115.8101,1732
12:37:00,1116.01,1116.01,1116.01,1116.01,688
12:38:00,1116.5,1116.5,1116.1504,1116.1504,1660
12:39:00,1115.6899,1115.825,1115.6899,1115.825,2022
12:40:00,1115.3237,1115.3237,1115.3237,1115.3237,1114
12:41:00,1115.39,1115.8116,1115.39,1115.52,3965
12:42:00,1116.689,1116.689,1116.689,1116.689,696
12:43:00,1116.41,1116.41,1116.3962,1116.3962,2244
12:44:00,1116.54,1116.71,1116.1899,1116.1899,4272
12:46:00,1116.3101,1116.3101,1116.3101,1116.3101,704
12:47:00,1116.27,1116.27,1116.27,1116.27,2137
12:48:00,1115.55,1115.55,1115.55,1115.55,1633
12:50:00,1115.7623,1116.8799,1115.7623,1116.8799,1964
12:51:00,1116.75,1116.75,1115.73,1115.73,2011
12:52:00,1115.8005,1116.04,1115.8005,1116.04,855
12:54:00,1116.38,1116.38,1116.38,1116.38,759
12:55:00,1117.03,1117.2438,1117.03,1117.2438,1494
12:56:00,1116.965,1116.965,1116.7,1116.7,2705
12:57:00,1116.24,1116.24,1115.74,1115.9001,2553
12:58:00,1116.1801,1116.1801,1115.895,1115.895,1512
12:59:00,1116.98,1116.98,1116.98,1116.98,1270
13:00:00,1116.42,1117.3375,1116.38,1117.3375,6730
13:01:00,1118.17,1118.205,1117.8384,1117.8384,4626
13:02:00,1117.98,1118.03,1117.8575,1118.03,2757
13:03:00,1118,1118.0518,1117.54,1117.64,5057
13:04:00,1117.55,1117.77,1117.335,1117.77,6803
13:05:00,1117.4375,1118.0636,1117.4375,1118.0636,2620
13:06:00,1117.995,1117.995,1116.97,1116.97,5576
13:08:00,1116.87,1116.87,1116.71,1116.71,2786
13:09:00,1116.5649,1116.8,1116.5649,1116.8,2084
13:10:00,1116.36,1116.36,1116.36,1116.36,2559
13:11:00,1117.28,1117.37,1116.79,1117.37,3316
13:12:00,1117.24,1117.39,1116.49,1117.39,3896
13:13:00,1117.4351,1117.4351,1117.4351,1117.4351,1047
13:14:00,1117.6923,1117.6923,1117.5699,1117.5699,1573
13:15:00,1117.78,1117.78,1116.7811,1116.7811,2507
13:16:00,1116.5699,1117.01,1116.5699,1117.01,2089
13:17:00,1117.1801,1117.1801,1117.1801,1117.1801,491
13:18:00,1117.4,1117.79,1117.35,1117.35,4705
13:19:00,1117.3,1117.59,1117.14,1117.14,5009
13:20:00,1117.5378,1117.62,1117.5378,1117.62,1562
13:21:00,1117.24,1117.24,1116.816,1117.1075,3310
13:22:00,1117.335,1117.335,1117.335,1117.335,1122
13:23:00,1118.0083,1118.0083,1117.8,1117.8,2820
13:25:00,1117.2,1117.48,1117.1825,1117.1899,6727
13:26:00,1116.5,1116.5,1116.17,1116.17,6371
13:27:00,1116.415,1116.415,1116.415,1116.415,742
13:28:00,1116.52,1116.67,1116.52,1116.67,2745
13:29:00,1116.53,1117,1116.53,1117,2141
13:30:00,1116.79,1116.79,1116.72,1116.72,1897
13:31:00,1117.08,1117.45,1116.8971,1117.45,6345
13:32:00,1116.79,1117.024,1116.79,1117.024,2620
13:33:00,1117.29,1117.29,1117.21,1117.21,1952
13:34:00,1117.33,1117.33,1117.1875,1117.3051,4855
13:35:00,1116.75,1117.1075,1116.34,1116.34,7621
13:36:00,1116.98,1117.005,1116.98,1117.005,2238
13:37:00,1116.83,1117.02,1116.745,1117.02,3781
13:38:00,1116.88,1116.9301,1116.88,1116.9301,2051
13:39:00,1116.4301,1117,1116.4301,1117,3003
13:40:00,1116.79,1116.79,1116.5557,1116.5557,3282
13:41:00,1117.01,1117.15,1116.47,1116.63,4502
13:42:00,1116.8,1117.01,1116.8,1116.85,4344
13:43:00,1117.16,1117.16,1117.16,1117.16,693
13:44:00,1117.145,1117.145,1116.72,1116.72,2152
13:45:00,1117.04,1117.49,1117.04,1117.49,3796
13:46:00,1117.38,1117.38,1117,1117.1801,6454
13:47:00,1116.7,1116.87,1116.67,1116.8199,5365
13:48:00,1116.75,1116.89,1116.53,1116.89,2669
13:49:00,1117.35,1117.4,1116.97,1117.03,8925
13:50:00,1117,1117,1116.72,1116.72,1461
13:51:00,1116.67,1117.0699,1116.67,1117.0699,2342
13:52:00,1117.2,1117.2,1116.41,1116.41,4646
13:53:00,1116.6801,1117.3293,1116.6801,1117.3293,2561
13:54:00,1117.17,1117.37,1117.17,1117.37,2484
13:55:00,1116.98,1117.4614,1116.9399,1117.22,5494
13:56:00,1117.39,1117.39,1116.5,1116.5,5029
13:57:00,1116.8199,1116.8199,1115.9,1115.9,1968
13:58:00,1116.28,1116.59,1116.28,1116.59,1950
13:59:00,1116.04,1116.04,1115.9399,1115.9399,2118
14:00:00,1115.9351,1115.9351,1115.905,1115.905,3141
14:01:00,1116.475,1116.475,1116.475,1116.475,773
14:02:00,1116.59,1116.59,1116.29,1116.29,2796
14:03:00,1116.14,1117.23,1116.14,1117.23,2580
14:04:00,1117.37,1117.37,1117.15,1117.15,2268
14:05:00,1117.17,1117.17,1117.17,1117.17,1932
14:06:00,1116.75,1117.3455,1116.75,1117.3455,3945
14:07:00,1117.097,1117.097,1116.92,1116.92,1426
14:09:00,1117.35,1117.35,1117.0601,1117.135,2542
14:10:00,1118,1118.29,1117.875,1117.875,3892
14:11:00,1118.66,1118.99,1117.1,1117.1,13234
14:12:00,1117.11,1117.11,1116.8256,1116.8256,4113
14:13:00,1116.79,1116.79,1116.79,1116.79,1003
14:14:00,1116.35,1117.22,1115.97,1117.22,5181
14:15:00,1117.51,1117.51,1117.17,1117.36,3452
14:16:00,1117.03,1117.03,1116.02,1116.21,5452
14:17:00,1116.22,1116.22,1116.0601,1116.2,5442
14:18:00,1115.84,1115.84,1115.3219,1115.6239,3542
14:19:00,1115.73,1115.9377,1115.73,1115.9377,3061
14:20:00,1116.235,1116.235,1116.08,1116.08,2413
14:21:00,1115.7,1115.7,1115.62,1115.62,2264
14:22:00,1115.24,1115.95,1115.24,1115.25,4261
14:23:00,1114.5,1114.5,1114.455,1114.455,2222
14:24:00,1114.665,1115.36,1114.665,1115.36,2917
14:25:00,1115.78,1116.23,1115.78,1115.8,5859
14:26:00,1115.63,1116.46,1115.63,1116.46,3440
14:27:00,1116.995,1116.995,1116.4849,1116.62,3302
14:28:00,1117.02,1117.02,1117.02,1117.02,813
14:29:00,1116.17,1116.625,1116.17,1116.625,2063
14:30:00,1117.3925,1117.3925,1116.88,1116.88,3702
14:31:00,1117.2,1117.6176,1116.42,1116.42,5198
14:32:00,1116.4,1116.8199,1116.4,1116.8199,2525
14:33:00,1117.26,1117.26,1117,1117,1878
14:34:00,1116.6899,1116.6899,1116.41,1116.48,5410
14:35:00,1116.53,1116.86,1116.53,1116.725,2080
14:36:00,1116.59,1116.59,1116.34,1116.34,3512
14:37:00,1116.77,1116.77,1116.72,1116.72,2809
14:38:00,1116.09,1116.3491,1115.9865,1116.3491,3660
14:39:00,1116.37,1116.4662,1116,1116,2743
14:40:00,1116.075,1116.075,1115.46,1115.55,5222
14:41:00,1116.41,1116.41,1116.41,1116.41,986
14:42:00,1115.97,1115.97,1115.725,1115.725,1873
14:43:00,1115.6616,1116.58,1115.6616,1116.58,1904
14:44:00,1115.47,1115.84,1115.47,1115.84,3674
14:45:00,1115.85,1115.85,1115.85,1115.85,1494
14:46:00,1115.345,1115.345,1115.225,1115.225,2107
14:47:00,1115.13,1115.99,1115.13,1115.99,1306
14:48:00,1116.23,1116.23,1115.67,1115.92,4107
14:49:00,1116.77,1116.77,1116.77,1116.77,994
14:50:00,1117.11,1117.11,1116.8,1117.0699,9972
14:51:00,1116.72,1116.72,1116.11,1116.11,1945
14:52:00,1115.49,1115.86,1115.49,1115.6,2710
14:53:00,1116.0601,1116.4602,1116.0601,1116.21,5025
14:54:00,1116.22,1116.22,1116.22,1116.22,1970
14:55:00,1116.0555,1116.0555,1116.05,1116.05,1971
14:56:00,1116.09,1116.33,1116.04,1116.04,7444
14:57:00,1115.53,1115.55,1115.53,1115.55,1816
14:58:00,1115.95,1115.95,1115.95,1115.95,1595
14:59:00,1115.6,1115.6,1114.48,1115,7428
15:00:00,1114.85,1115.13,1114.8,1114.8,3978
15:01:00,1115,1115.0699,1115,1115,2996
15:02:00,1114.5601,1114.77,1114.5601,1114.6904,4871
15:03:00,1114.55,1115.365,1114.39,1115.365,6339
15:04:00,1114.85,1114.85,1114.73,1114.73,3157
15:05:00,1114.8251,1114.8251,1114.5601,1114.5601,2902
15:06:00,1114.84,1114.84,1114.84,1114.84,1040
15:07:00,1115.1801,1115.825,1115.1801,1115.29,7556
15:08:00,1115.8,1116.16,1115.8,1115.8953,2850
15:09:00,1116.21,1116.21,1116.21,1116.21,954
15:10:00,1117,1117.3199,1117,1117.24,8321
15:11:00,1116.98,1116.98,1116.8,1116.8,2035
15:12:00,1116.52,1117.05,1116.52,1116.845,9662
15:13:00,1116.76,1117.0601,1116.37,1117.0601,9335
15:14:00,1117.02,1117.02,1116.61,1116.87,8239
15:15:00,1117.05,1117.4,1116.58,1117.135,15817
15:16:00,1117.21,1117.97,1116.91,1117.97,8022
15:17:00,1117.63,1117.74,1116.72,1117.515,14300
15:18:00,1117.53,1117.74,1117.5,1117.635,11853
15:19:00,1117.77,1117.77,1117.1,1117.1,10891
15:20:00,1117.5,1117.881,1117.5,1117.881,5955
15:21:00,1117.52,1117.58,1116.66,1116.66,9853
15:22:00,1117.1,1117.1,1116.21,1116.21,4687
15:23:00,1116.27,1116.5699,1116.27,1116.47,3755
15:24:00,1116.3,1116.75,1116.3,1116.75,2635
15:25:00,1116.1563,1116.9301,1115.8199,1116.9301,7010
15:26:00,1117.11,1117.62,1116.825,1116.825,5839
15:27:00,1117.13,1117.53,1117.12,1117.53,4161
15:28:00,1117.6899,1118.0601,1117.6899,1118.0601,1849
15:29:00,1118,1118.23,1117.8101,1117.8101,4387
15:30:00,1117.9399,1119,1117.9399,1119,4869
15:31:00,1119.33,1119.33,1118.4301,1118.4301,6935
15:32:00,1118.65,1118.75,1117.77,1118.49,8584
15:33:00,1117.64,1117.64,1117.58,1117.58,2212
15:34:00,1118.34,1118.34,1118.2651,1118.2651,2364
15:35:00,1118.45,1118.88,1118.45,1118.74,3774
15:36:00,1119.26,1119.78,1119.26,1119.34,6046
15:37:00,1119.6899,1119.6899,1119.42,1119.42,3852
15:38:00,1119.4399,1119.53,1119.39,1119.53,4873
15:39:00,1119.3204,1119.41,1119.13,1119.13,4246
15:40:00,1119.5,1119.605,1119.48,1119.6,8503
15:41:00,1119.83,1121.1899,1119.83,1120.48,19555
15:42:00,1120.39,1120.9449,1120.39,1120.4399,4624
15:43:00,1120.21,1120.77,1120.1,1120.15,5567
15:44:00,1120.4301,1120.8821,1120.41,1120.41,7446
15:45:00,1121.1,1121.66,1120.95,1121.5839,7780
15:46:00,1121.8325,1122.04,1121.8325,1121.99,5166
15:47:00,1121.8239,1122.35,1121.8239,1121.9093,9123
15:48:00,1121.59,1122.6801,1121.59,1122.375,13436
15:49:00,1122.5551,1122.77,1122.5551,1122.73,6409
15:50:00,1122.67,1123.6,1122.67,1123.51,15873
15:51:00,1124,1124,1121.925,1121.99,20562
15:52:00,1122.1801,1122.2,1120.65,1120.65,21695
15:53:00,1121.04,1122.42,1121.04,1122.42,11624
15:54:00,1122.27,1122.27,1121.61,1121.9,7621
15:55:00,1122.04,1123.29,1121.53,1123.29,11147
15:56:00,1122.97,1123.48,1122.52,1123.39,11462
15:57:00,1123.45,1123.45,1122.2,1122.3768,10070
15:58:00,1122.0649,1122.35,1121.63,1121.63,12290
15:59:00,1121.63,1121.63,1120.46,1121.46,16253
16:00:00,1121.8,1121.8,1121.8,1121.8,265484
9:31:00,1126.77,1126.77,1123.385,1123.385,25490
9:32:00,1123.21,1124.45,1122.665,1123.84,17764
9:33:00,1124.1,1124.1,1121.37,1121.99,7739
9:34:00,1118.52,1118.52,1114.91,1115.3,14291
9:35:00,1115.25,1118.63,1115.25,1116.86,14416
9:37:00,1116.22,1117.33,1116.22,1117.33,7452
9:38:00,1116.25,1116.25,1113.09,1113.09,6936
9:39:00,1111.965,1111.965,1109.95,1109.95,7912
9:40:00,1109.0159,1109.0159,1107.5,1107.5,11476
9:41:00,1108.175,1109.98,1108.175,1109.98,11347
9:42:00,1110.48,1113.13,1110.15,1112.6899,19178
9:43:00,1112.75,1113.66,1112.6,1113.66,12198
9:44:00,1113.2314,1113.5,1111.59,1113.5,11449
9:45:00,1112.5,1112.89,1111.9,1112.37,18163
9:46:00,1112.415,1112.61,1112.415,1112.61,9256
9:47:00,1112.1,1112.1,1110,1110.1281,14000
9:48:00,1111.3,1111.5898,1110.76,1110.76,7969
9:49:00,1111.78,1111.78,1109.79,1110.98,13007
9:50:00,1110.12,1110.16,1110.12,1110.16,4335
9:51:00,1109.4,1109.4,1107.51,1107.51,5686
9:52:00,1108.76,1110,1108.76,1108.89,8891
9:53:00,1108.45,1109.72,1108.45,1109.72,7333
9:54:00,1109.9075,1110.8101,1109.08,1110.8101,12526
9:55:00,1110.3199,1110.64,1110.3199,1110.64,3891
9:56:00,1109.96,1109.96,1109.96,1109.96,1635
9:57:00,1109.78,1110.0601,1109.78,1110.0601,6647
9:58:00,1109.22,1109.39,1108.905,1108.905,5545
9:59:00,1109.51,1109.51,1109.08,1109.08,8232
10:00:00,1108.3101,1108.3101,1106.85,1106.85,7667
10:01:00,1106,1106,1104.67,1104.67,10296
10:02:00,1104.88,1105.9735,1104.88,1105.9735,5750
10:03:00,1105.5601,1105.65,1105.5601,1105.65,4450
10:04:00,1105.1899,1105.6,1105.075,1105.26,11996
10:05:00,1104.4399,1105.51,1104.4399,1105.51,4126
10:06:00,1106.365,1106.58,1106.365,1106.58,5214
10:07:00,1106.14,1106.2389,1106.14,1106.2389,4477
10:08:00,1107.215,1107.215,1107.215,1107.215,2015
10:09:00,1107.9764,1108.71,1107.9764,1108.71,3441
10:10:00,1108.745,1108.855,1107.95,1108.855,5637
10:11:00,1108.8,1108.89,1107,1108.0074,10893
10:12:00,1108.755,1108.755,1107.6801,1107.6801,3217
10:13:00,1107.51,1107.51,1106.9,1107.235,7527
10:14:00,1106.01,1106.01,1105.8,1105.8,4762
10:15:00,1106.355,1106.355,1103.9399,1103.9399,12800
10:16:00,1104.39,1104.39,1104.39,1104.39,1727
10:17:00,1105.38,1105.755,1105.38,1105.755,4930
10:18:00,1105.23,1105.46,1105.23,1105.46,3527
10:19:00,1104.5225,1104.5658,1104.5225,1104.5658,4147
10:20:00,1105.5601,1105.5601,1105.5601,1105.5601,1794
10:21:00,1105.51,1106.71,1105.51,1106.71,4117
10:22:00,1105.78,1105.78,1105.78,1105.78,2287
10:23:00,1106.99,1106.99,1106.72,1106.72,2985
10:24:00,1106.25,1106.25,1106.25,1106.25,1715
10:25:00,1106.37,1106.37,1104.14,1104.14,5810
10:26:00,1105.72,1105.72,1105.12,1105.12,4383
10:27:00,1106.775,1106.775,1106.7,1106.7,3436
10:28:00,1106.3398,1106.3398,1106.3398,1106.3398,2673
10:29:00,1107.23,1107.23,1105.97,1105.97,3610
10:30:00,1106.83,1106.83,1106.83,1106.83,2378
10:31:00,1107.25,1107.92,1107.25,1107.4399,8678
10:32:00,1108.5699,1109.335,1108.5699,1109.335,3493
10:33:00,1109.85,1109.85,1109.85,1109.85,1361
10:34:00,1109.89,1109.89,1108.34,1108.34,3933
10:35:00,1107.6625,1107.6625,1107.6625,1107.6625,2162
10:36:00,1108.45,1108.45,1107.47,1107.47,4502
10:37:00,1106.83,1106.83,1106.83,1106.83,1876
10:38:00,1106.7,1107.12,1106.7,1107.12,4322
10:39:00,1104.96,1105.3101,1104.47,1105.3101,8963
10:40:00,1104.86,1104.86,1103.4399,1103.4399,3587
10:41:00,1104.0699,1104.0699,1104.0601,1104.0601,3842
10:42:00,1104.11,1104.11,1103.1857,1103.1857,3906
10:43:00,1102.1899,1102.1899,1102.1899,1102.1899,3095
10:44:00,1103.92,1104.11,1103.92,1104.11,5096
10:45:00,1104.52,1104.52,1104.52,1104.52,1902
10:46:00,1104.28,1104.4099,1104.28,1104.4099,3740
10:47:00,1104.0348,1104.0348,1104.0348,1104.0348,2075
10:48:00,1103.21,1103.21,1103.21,1103.21,3066
10:49:00,1102.97,1103.3229,1102.97,1103.3229,3437
10:50:00,1103.9,1103.9,1103.9,1103.9,2695
10:51:00,1105.5868,1105.5868,1104.83,1104.83,3057
10:52:00,1104.86,1105.4,1104.86,1105.4,4566
10:53:00,1105.46,1107.26,1105.46,1107.26,3933
10:54:00,1106.6899,1107.9351,1106.6899,1107.9351,3237
10:55:00,1108.26,1108.26,1108.26,1108.26,2320
10:56:00,1107.8,1107.8,1107.8,1107.8,973
10:57:00,1107.5,1107.59,1107.5,1107.59,4485
10:58:00,1108.1361,1108.1361,1108.1361,1108.1361,1674
10:59:00,1108.74,1108.74,1108.74,1108.74,1410
11:00:00,1108.59,1108.59,1108.59,1108.59,1934
11:01:00,1108.42,1108.42,1108.42,1108.42,1641
11:02:00,1107.5601,1108.1801,1107.5601,1108.1801,4307
11:03:00,1108.1298,1108.1298,1108.1298,1108.1298,2300
11:04:00,1107.405,1107.405,1106.12,1106.12,3411
11:05:00,1106.24,1106.24,1106.24,1106.24,646
11:06:00,1105.9449,1105.9449,1105.9449,1105.9449,2379
11:07:00,1105.91,1105.91,1105.91,1105.91,1069
11:09:00,1108.8199,1110.42,1108.8199,1110.42,5741
11:10:00,1111.11,1111.11,1111.11,1111.11,1506
11:11:00,1110.91,1111,1110.91,1111,3931
11:13:00,1110.4399,1110.4449,1110.4399,1110.4449,3687
11:14:00,1109.3759,1109.3759,1109.3759,1109.3759,907
11:15:00,1109.05,1109.05,1109.05,1109.05,1077
11:16:00,1109.53,1109.53,1108.87,1108.87,1672
11:17:00,1109.73,1109.73,1109.73,1109.73,1279
11:18:00,1111,1111.73,1111,1111.73,3389
11:19:00,1111.605,1111.77,1111.5649,1111.77,6407
11:20:00,1112.8,1112.8,1112.55,1112.55,5516
11:21:00,1111.665,1111.665,1111.665,1111.665,2056
11:22:00,1112.39,1112.48,1112.39,1112.48,2563
11:23:00,1112.25,1112.25,1112.25,1112.25,2386
11:24:00,1112.1436,1112.9524,1112.1436,1112.9524,3335
11:25:00,1113.41,1113.41,1113.41,1113.41,1028
11:26:00,1113,1113,1112.5424,1112.5424,3412
11:27:00,1112.15,1112.15,1112.15,1112.15,1900
11:28:00,1111.85,1111.85,1111.85,1111.85,942
11:29:00,1112.4729,1112.4729,1112.4729,1112.4729,245
11:30:00,1112.5,1112.5,1112.5,1112.5,1576
11:31:00,1112.55,1112.72,1112.55,1112.72,2614
11:32:00,1111,1111,1111,1111,1411
11:33:00,1109.6899,1110.485,1109.6899,1110.485,3151
11:34:00,1109.5001,1109.5001,1109.5001,1109.5001,1763
11:35:00,1109.84,1109.84,1108.87,1108.87,4357
11:36:00,1109.54,1109.54,1109.54,1109.54,1104
11:37:00,1108.48,1108.48,1108.48,1108.48,1112
11:38:00,1109.3763,1109.3763,1109.3763,1109.3763,1488
11:39:00,1109.46,1110.2784,1109.45,1109.45,2832
11:40:00,1108.01,1108.01,1108.01,1108.01,1942
11:41:00,1109.3101,1109.3101,1109.3101,1109.3101,1549
11:42:00,1109.8022,1110.55,1109.8022,1110.55,2452
11:43:00,1111.505,1113.78,1111.505,1113.78,3289
11:44:00,1113.62,1113.62,1113.472,1113.472,3687
11:45:00,1113.16,1113.16,1113.16,1113.16,999
11:46:00,1114.15,1114.15,1114.15,1114.15,859
11:47:00,1113.95,1115.1899,1113.95,1114.88,10396
11:48:00,1114.29,1114.29,1113.9012,1113.9012,1574
11:49:00,1113.8149,1113.8149,1113.8149,1113.8149,1241
11:50:00,1113.5256,1114.14,1113.5256,1113.59,4300
11:51:00,1113.02,1113.02,1113.02,1113.02,739
11:52:00,1113.2,1113.2,1113.08,1113.08,2036
11:53:00,1113.3,1113.48,1113.3,1113.48,2493
11:54:00,1114.01,1114.01,1114.01,1114.01,1924
11:55:00,1114.2631,1114.4399,1114.2631,1114.4399,2100
11:56:00,1113.95,1113.95,1113.95,1113.95,902
11:57:00,1113.2455,1113.2455,1112.79,1112.79,2369
11:58:00,1112.63,1112.95,1112.63,1112.95,4896
11:59:00,1113.14,1113.83,1113.14,1113.83,2160
12:00:00,1114.4753,1114.4753,1114.4753,1114.4753,729
12:01:00,1114.34,1114.34,1113.8267,1113.8267,2111
12:02:00,1113.96,1113.96,1113.96,1113.96,1752
12:03:00,1113.6899,1113.7268,1113.3668,1113.3668,7218
12:04:00,1113.03,1113.9301,1113.03,1113.9301,8800
12:05:00,1114.3854,1114.3854,1113.9301,1113.9301,3321
12:06:00,1113.4445,1113.4445,1113.4445,1113.4445,1250
12:07:00,1113.48,1113.9,1113.1801,1113.54,6885
12:08:00,1113.84,1113.84,1113.1027,1113.78,6157
12:09:00,1113.53,1113.53,1113.3051,1113.3051,2768
12:10:00,1113.91,1113.91,1113.91,1113.91,1337
12:11:00,1113.21,1113.21,1113.1,1113.1,2334
12:12:00,1113.12,1113.12,1113.12,1113.12,839
12:13:00,1112.85,1113.6801,1112.35,1113.6801,9696
12:14:00,1112.8,1113.5242,1112.8,1113.5242,5866
12:15:00,1113.8154,1113.8154,1113.8154,1113.8154,1496
12:16:00,1115.4999,1115.4999,1114.99,1114.99,2855
12:17:00,1114.6589,1114.895,1114.6589,1114.895,1670
12:18:00,1114.9,1115.36,1114.9,1115.01,2288
12:19:00,1114.72,1115.91,1114.72,1115.91,3296
12:20:00,1116.266,1116.266,1116.266,1116.266,1531
12:21:00,1116.415,1116.455,1116.415,1116.455,2717
12:22:00,1115.76,1116.4301,1115.76,1116.4301,1656
12:23:00,1115.96,1115.96,1115.7843,1115.7843,3069
12:25:00,1116.934,1116.934,1116.4,1116.4,2215
12:27:00,1115.9904,1115.9904,1115.1912,1115.1912,2274
12:28:00,1115.3101,1115.3101,1115.3101,1115.3101,971
12:29:00,1115.1788,1115.1788,1114.65,1114.9301,4184
12:30:00,1113.58,1113.58,1113.58,1113.58,942
12:31:00,1113.41,1113.41,1113.2,1113.22,5844
12:32:00,1113.0649,1113.0649,1113.0649,1113.0649,1102
12:33:00,1113,1113.01,1112.77,1113.01,3305
12:34:00,1113.495,1113.495,1112.91,1112.97,3884
12:35:00,1113.3065,1113.3065,1113.3065,1113.3065,541
12:36:00,1112.98,1112.98,1112.98,1112.98,808
12:37:00,1113.15,1113.95,1113.15,1113.95,2407
12:38:00,1113.51,1114.4655,1113.51,1114.4655,2867
12:39:00,1114.775,1114.775,1114.775,1114.775,1000
12:40:00,1113.8101,1113.8101,1113.8101,1113.8101,1699
12:41:00,1114.225,1114.83,1114.225,1114.83,1452
12:42:00,1115.97,1115.97,1115.97,1115.97,1137
12:43:00,1116.1219,1116.1219,1114.8,1114.8,2205
12:44:00,1114.48,1114.48,1114.48,1114.48,1036
12:45:00,1114.45,1114.45,1114.03,1114.03,1923
12:46:00,1113.46,1113.46,1113.46,1113.46,608
12:47:00,1113.61,1113.61,1113.5699,1113.5699,1238
12:48:00,1113.54,1113.54,1112.8,1112.8,2543
12:49:00,1112.1802,1112.1802,1112.1802,1112.1802,1805
12:50:00,1111.33,1111.33,1111.33,1111.33,2534
12:51:00,1111.12,1111.8069,1111.12,1111.8069,1351
12:52:00,1112.21,1112.21,1112.21,1112.21,914
12:53:00,1112.15,1112.15,1112.0607,1112.0607,2090
12:54:00,1112.427,1112.427,1112.427,1112.427,1310
12:55:00,1112.28,1112.65,1112.28,1112.65,1454
12:56:00,1113.545,1113.545,1113.545,1113.545,1155
12:57:00,1113.1707,1114.61,1113.1707,1114.35,3131
12:58:00,1114.75,1114.811,1114.75,1114.811,2706
12:59:00,1115.8123,1115.8123,1115.8123,1115.8123,856
13:00:00,1114.7,1114.8718,1114.7,1114.8718,2476
13:01:00,1115.5,1115.5,1115.5,1115.5,1094
13:02:00,1114.9301,1114.9301,1114.9301,1114.9301,929
13:03:00,1115.3513,1115.3513,1115.3513,1115.3513,558
13:04:00,1114.79,1115.14,1114.63,1115.03,4286
13:05:00,1116.01,1118.11,1116.01,1118.11,4062
13:06:00,1118.78,1118.78,1118.78,1118.78,1519
13:07:00,1118.1368,1119.47,1118.1368,1119.47,1976
13:08:00,1118.59,1118.59,1118.5203,1118.5203,2236
13:11:00,1118.725,1119.0258,1118.1,1119.0258,3271
13:12:00,1119.74,1120,1119.74,1120,2275
13:13:00,1120.1301,1120.1301,1120.1301,1120.1301,1253
13:14:00,1120.85,1120.85,1119.4399,1119.4399,3481
13:16:00,1118.73,1118.73,1118.73,1118.73,1141
13:17:00,1118.5,1118.58,1118.5,1118.58,2275
13:18:00,1117.29,1117.29,1117.29,1117.29,1774
13:19:00,1117.1316,1117.1316,1117.1316,1117.1316,993
13:20:00,1118.1071,1118.1071,1118.1071,1118.1071,943
13:21:00,1117.8455,1117.8455,1117.8455,1117.8455,1934
13:22:00,1117.83,1117.83,1117.83,1117.83,972
13:23:00,1118.48,1118.48,1118.48,1118.48,363
13:24:00,1118.7604,1118.8412,1118.7604,1118.8412,2137
13:25:00,1118.54,1118.54,1118,1118,1687
13:26:00,1118.0601,1118.0601,1118.0601,1118.0601,1104
13:27:00,1117.42,1117.73,1117.42,1117.73,1816
13:28:00,1116.7744,1116.7744,1116.7744,1116.7744,1064
13:29:00,1117.095,1117.095,1117.095,1117.095,788
13:30:00,1117.59,1117.59,1117.59,1117.59,532
13:31:00,1117.7083,1117.8199,1115.64,1115.64,8054
13:32:00,1116.9399,1117.47,1116.9399,1117.47,3028
13:33:00,1118.01,1118.09,1117.715,1118.09,3886
13:34:00,1117.91,1117.91,1117.91,1117.91,1191
13:35:00,1118.6896,1119.01,1117.92,1118.73,5271
13:36:00,1118.48,1118.48,1118.48,1118.48,1012
13:37:00,1118.34,1118.34,1118.1899,1118.1899,2447
13:38:00,1119.9,1119.97,1119.9,1119.97,2177
13:39:00,1120,1120,1120,1120,767
13:40:00,1119.26,1119.37,1119.26,1119.37,2505
13:41:00,1120.11,1120.11,1119.2502,1119.2502,2471
13:42:00,1118.5699,1119.605,1118.5699,1118.89,3325
13:43:00,1118.47,1118.47,1118.47,1118.47,1017
13:44:00,1118.9014,1118.9014,1118.9014,1118.9014,744
13:45:00,1118.2814,1119.2,1118.2814,1119.2,1963
13:46:00,1118.7299,1118.97,1118.7299,1118.97,2953
13:47:00,1118.5,1118.5601,1118.5,1118.5601,1538
13:48:00,1117.8101,1117.8101,1117,1117,3868
13:49:00,1117.21,1117.21,1117.21,1117.21,1065
13:50:00,1118.02,1118.02,1117.6801,1117.6801,2152
13:51:00,1117.64,1117.64,1117.64,1117.64,467
13:52:00,1117.47,1117.78,1117.47,1117.78,1449
13:53:00,1117.9412,1117.9412,1117.9412,1117.9412,755
13:54:00,1117.1801,1117.1801,1117,1117,1979
13:56:00,1117.26,1117.26,1117.26,1117.26,722
13:57:00,1117.65,1117.65,1117.61,1117.61,2058
13:58:00,1117,1117,1117,1117,995
13:59:00,1116.65,1116.65,1116.3364,1116.3364,2154
14:01:00,1115.7,1116.11,1115.7,1116.11,1807
14:02:00,1116.0879,1116.0879,1116.0879,1116.0879,639
14:03:00,1115.3,1115.3,1114.99,1114.99,1783
14:04:00,1113.78,1113.78,1113.6899,1113.6899,2186
14:05:00,1114.6144,1116.0485,1114.6144,1116.0485,4641
14:06:00,1116.6851,1116.6851,1116.6851,1116.6851,1314
14:07:00,1115.5657,1116.778,1115.5657,1116.778,2053
14:08:00,1116.7896,1117.37,1116.7896,1117.37,1497
14:09:00,1117.8051,1117.8051,1117.8051,1117.8051,1064
14:11:00,1116,1116,1115.75,1115.75,2248
14:12:00,1114.5452,1114.5452,1114.5452,1114.5452,818
14:13:00,1114,1114.4301,1114,1114.4301,1691
14:14:00,1114.66,1114.66,1114.66,1114.66,978
14:15:00,1114.67,1114.67,1114.67,1114.67,1008
14:16:00,1113,1113,1112.77,1112.77,2360
14:17:00,1112.6726,1112.6726,1111.9825,1111.9825,2245
14:18:00,1112.3514,1112.3514,1112.3514,1112.3514,480
14:19:00,1111.9144,1111.9144,1111.9144,1111.9144,1101
14:20:00,1112.334,1112.334,1112.334,1112.334,563
14:21:00,1111.6296,1111.6296,1111.2,1111.2,2388
14:22:00,1110.34,1110.34,1109.85,1109.85,2278
14:23:00,1109.03,1109.88,1109.03,1109.88,1053
14:24:00,1109.91,1109.91,1108.645,1108.645,2917
14:25:00,1108.5,1109.65,1108.5,1109.65,2197
14:26:00,1109.5601,1109.5601,1109.5601,1109.5601,637
14:27:00,1109.98,1110.5601,1109.98,1110.5601,2541
14:28:00,1111.1263,1111.1263,1111.1263,1111.1263,782
14:29:00,1110.97,1110.97,1110.9114,1110.9114,1636
14:30:00,1109.9502,1109.9502,1108.78,1108.78,1890
14:31:00,1109.27,1110.22,1109.27,1110.22,2250
14:32:00,1110.7,1111.66,1110.7,1111.66,2024
14:33:00,1111.51,1111.51,1111.51,1111.51,1126
14:34:00,1110.9,1111.8,1110.9,1111.8,1625
14:35:00,1111.575,1111.575,1111.575,1111.575,866
14:36:00,1111.25,1111.25,1110.6,1110.96,2944
14:37:00,1111.8036,1111.8036,1111.8036,1111.8036,824
14:38:00,1111.8101,1111.8101,1111.64,1111.64,1380
14:39:00,1111.5,1111.5,1111.5,1111.5,886
14:40:00,1112.21,1112.3101,1112.21,1112.3101,1579
14:41:00,1114.02,1114.6801,1114.02,1114.6801,1971
14:43:00,1114.0754,1114.0754,1114.0754,1114.0754,1015
14:44:00,1114.47,1114.9192,1114.47,1114.9192,2610
14:47:00,1114.795,1114.865,1114.795,1114.865,1286
14:48:00,1114.39,1114.39,1114.39,1114.39,1194
14:49:00,1114.63,1114.63,1114.63,1114.63,763
14:50:00,1114.7704,1115.26,1114.7704,1115.26,1541
14:51:00,1115.04,1115.04,1114.4991,1114.4991,2349
14:52:00,1113.66,1114.28,1113.66,1114.27,3268
14:53:00,1114.87,1114.87,1114.87,1114.87,991
14:54:00,1116.26,1116.26,1116.26,1116.26,1423
14:55:00,1116.8199,1117.27,1116.8199,1117.27,2196
14:56:00,1116.6801,1116.6801,1116.6801,1116.6801,1295
14:57:00,1117.9572,1117.9572,1117.9572,1117.9572,853
14:58:00,1118.63,1118.63,1116.96,1116.96,1670
14:59:00,1117,1117,1117,1117,620
15:00:00,1117.2791,1117.2791,1116.0601,1116.0601,2421
15:01:00,1116.29,1116.8,1116.29,1116.8,2471
15:02:00,1116.167,1117.4012,1116.167,1117.4012,2486
15:03:00,1116.1614,1116.1614,1115.095,1115.095,3152
15:04:00,1115.59,1115.9172,1115.59,1115.9172,1293
15:06:00,1116.33,1116.74,1116.24,1116.24,2872
15:07:00,1116.02,1116.02,1115.26,1115.675,5374
15:08:00,1115.88,1116.63,1115.88,1116.63,2895
15:09:00,1116.9399,1118.17,1116.86,1118.17,4211
15:10:00,1118.3,1118.3,1118.3,1118.3,699
15:11:00,1117.48,1117.48,1117.2054,1117.2054,2483
15:12:00,1117.0699,1117.0699,1117.0699,1117.0699,1769
15:13:00,1116.78,1117.26,1116.78,1117.26,3019
15:14:00,1117.4938,1118.1,1117.4938,1118.1,2167
15:15:00,1118.13,1118.13,1117,1117,3526
15:16:00,1116.8,1116.98,1116.8,1116.98,1926
15:17:00,1116.39,1116.47,1116.39,1116.47,2275
15:18:00,1115.1801,1115.8199,1115.1801,1115.405,4223
15:19:00,1114.63,1114.63,1114.63,1114.63,639
15:20:00,1115.59,1115.6084,1114.75,1114.75,6234
15:21:00,1114.9907,1114.9907,1114.98,1114.98,1478
15:22:00,1114.36,1115.83,1114.36,1114.8199,4081
15:24:00,1114.86,1116.26,1114.86,1116.0601,5490
15:25:00,1116.49,1116.49,1116.49,1116.49,1947
15:26:00,1117,1117.6899,1117,1117.6899,2019
15:27:00,1117.5369,1117.5369,1117.45,1117.45,2458
15:28:00,1118,1118.2556,1118,1118,5244
15:29:00,1118.09,1118.09,1118.01,1118.01,2491
15:30:00,1116.97,1116.97,1116.97,1116.97,844
15:31:00,1117.3199,1117.4399,1117.08,1117.4399,3004
15:32:00,1118.15,1118.3875,1116.975,1116.975,3166
15:33:00,1115.84,1115.84,1115.84,1115.84,1248
15:34:00,1115.98,1115.98,1114.73,1114.73,4282
15:35:00,1113.955,1115.3199,1113.955,1115.3199,2209
15:36:00,1115.98,1115.98,1115.15,1115.15,2515
15:38:00,1115.65,1115.65,1115.365,1115.64,3507
15:39:00,1114.52,1115.37,1114.52,1115.37,2071
15:40:00,1116.29,1116.29,1116.29,1116.29,1387
15:41:00,1115.1792,1115.1792,1115.1792,1115.1792,1799
15:42:00,1117.16,1117.16,1116.36,1116.36,3489
15:43:00,1117.09,1117.09,1115.4449,1115.4449,5133
15:44:00,1114.306,1114.306,1114.306,1114.306,1685
15:45:00,1114.34,1115.03,1114.34,1115.03,2333
15:46:00,1114.66,1115.16,1113.99,1115.16,6679
15:47:00,1114.9875,1115.02,1114.88,1114.9301,3300
15:48:00,1114.895,1114.99,1114.895,1114.99,1771
15:49:00,1114.975,1114.975,1114.51,1114.51,2229
15:50:00,1114.645,1114.645,1113.6899,1113.99,4894
15:51:00,1114.49,1115.53,1114.49,1115.2404,5795
15:52:00,1115.14,1115.99,1115.14,1115.99,1871
15:53:00,1115.46,1116.62,1115.46,1116.39,3754
15:54:00,1116.1801,1116.67,1116.1801,1116.215,5889
15:55:00,1115.58,1116.12,1114.91,1115.22,4708
15:56:00,1115.13,1116.14,1114.96,1115.39,9298
15:57:00,1115.1,1115.8199,1114.71,1115.8,6447
15:58:00,1115.8149,1116.5292,1115.8149,1116.5292,9027
15:59:00,1115.8,1116.0916,1115.52,1115.52,8671
16:00:00,1116.1599,1116.1599,1115.39,1116.1,17390
9:31:00,1120,1121.2,1117.01,1117.01,38030
9:32:00,1117.78,1118.15,1113.9301,1113.9301,14776
9:33:00,1113.38,1113.38,1109.92,1109.92,11652
9:34:00,1107.91,1107.91,1106.41,1106.41,10650
9:35:00,1107.0601,1107.0601,1104.71,1104.71,14703
9:36:00,1104.39,1104.39,1104.39,1104.39,5787
9:37:00,1105.6899,1106.41,1105.6899,1106.41,5607
9:38:00,1107.23,1107.23,1107.23,1107.23,2219
9:39:00,1109.1195,1109.1195,1109.1195,1109.1195,2588
9:40:00,1108.4575,1109,1108.4575,1109,8074
9:41:00,1108.62,1108.73,1108.62,1108.73,4282
9:42:00,1107.269,1107.79,1107.269,1107.79,4999
9:43:00,1107.64,1108.58,1107.64,1108.58,5047
9:44:00,1107.335,1107.335,1107.335,1107.335,4571
9:45:00,1106.4,1107.1041,1106.4,1107.1041,4303
9:46:00,1106.6801,1106.6801,1106.6801,1106.6801,3065
9:47:00,1105,1105,1105,1105,4821
9:48:00,1104.35,1105.03,1104.35,1105.03,4247
9:49:00,1106.827,1107.41,1106.827,1107.41,6640
9:50:00,1107.4185,1107.4185,1107.4185,1107.4185,2739
9:51:00,1106.27,1106.27,1106.27,1106.27,1786
9:52:00,1106.27,1106.27,1106.14,1106.14,3936
9:53:00,1105.025,1105.025,1105.025,1105.025,2395
9:54:00,1107.38,1107.38,1105.1,1105.1,4663
9:55:00,1104.6899,1104.6899,1104.6899,1104.6899,1805
9:56:00,1105.49,1105.49,1105.49,1105.49,1364
9:57:00,1104.75,1104.75,1104.3,1104.3,5209
9:58:00,1104.76,1104.76,1103.89,1103.89,5569
9:59:00,1104.27,1104.58,1104.27,1104.58,4749
10:00:00,1103.51,1103.51,1103.215,1103.215,7100
10:01:00,1102.62,1102.62,1100.345,1100.345,12774
10:02:00,1101.27,1101.9,1101.27,1101.9,5703
10:03:00,1101.1899,1101.9301,1101.1899,1101.9301,4544
10:04:00,1102.76,1102.76,1102.54,1102.54,4767
10:05:00,1102.48,1104.74,1102.48,1103.85,5671
10:06:00,1103.95,1103.95,1103.95,1103.95,1605
10:07:00,1105.2,1105.36,1105.2,1105.36,4875
10:08:00,1104.49,1104.49,1103.6613,1103.6613,4815
10:09:00,1103.89,1103.89,1103.89,1103.89,2899
10:10:00,1103.6117,1103.6117,1101.9,1101.9,4045
10:11:00,1101.3374,1101.3374,1101.3374,1101.3374,1573
10:12:00,1103.3384,1103.3384,1102.85,1102.85,5609
10:13:00,1102.83,1102.83,1102.8101,1102.8101,4747
10:14:00,1101.215,1101.215,1101.215,1101.215,2021
10:15:00,1100.955,1101.96,1100.955,1101.96,3305
10:16:00,1101.65,1101.71,1101.55,1101.55,7252
10:17:00,1101.4301,1101.83,1101.4301,1101.83,6778
10:18:00,1102.27,1102.27,1101.99,1101.99,3648
10:19:00,1103.84,1103.84,1103.84,1103.84,2046
10:20:00,1103.2184,1103.2184,1103.2184,1103.2184,1792
10:21:00,1102.6783,1102.6783,1102.6783,1102.6783,1941
10:22:00,1102.42,1103.1,1102.42,1103.1,4490
10:23:00,1102.1071,1102.1071,1102.1071,1102.1071,1459
10:24:00,1102.52,1102.52,1102.52,1102.52,1828
10:25:00,1102.3199,1102.3199,1102.3199,1102.3199,1794
10:26:00,1102.76,1102.76,1102.76,1102.76,1230
10:27:00,1101.5,1101.63,1101.5,1101.63,3292
10:28:00,1101.1,1101.3101,1101.1,1101.3101,3907
10:29:00,1101.01,1101.01,1100.55,1100.8199,6977
10:30:00,1100.72,1100.72,1100.72,1100.72,1710
10:31:00,1100.48,1100.84,1100.48,1100.84,9509
10:33:00,1103.0958,1103.14,1103.0958,1103.14,4580
10:34:00,1103.16,1103.39,1103.16,1103.39,4196
10:35:00,1103.55,1103.55,1103.55,1103.55,1900
10:36:00,1103.53,1103.53,1103.4399,1103.4399,4832
10:37:00,1103.51,1103.51,1103.21,1103.21,4517
10:38:00,1103.75,1103.75,1103.5601,1103.5601,4833
10:39:00,1103.0905,1103.145,1103.03,1103.03,6848
10:40:00,1102.34,1103.6,1101.97,1103.3199,21444
10:41:00,1104.16,1104.7,1104.16,1104.7,8390
10:42:00,1103.91,1103.91,1103.215,1103.215,5229
10:43:00,1102.84,1102.84,1102.84,1102.84,2285
10:44:00,1103.59,1103.59,1103.59,1103.59,1672
10:45:00,1103.17,1103.17,1103.17,1103.17,2605
10:46:00,1103.46,1103.46,1103.46,1103.46,1183
10:47:00,1103.27,1104.4399,1103.27,1104.4399,3021
10:48:00,1103.67,1103.67,1103.4351,1103.4351,4273
10:49:00,1103.47,1103.5439,1103.47,1103.5439,6543
10:50:00,1103.88,1103.88,1103.8,1103.8,4770
10:51:00,1104.14,1104.14,1103.6,1103.6,4162
10:52:00,1104.5,1104.5,1104.5,1104.5,3710
10:54:00,1103.78,1103.96,1103.78,1103.96,2940
10:55:00,1103.67,1103.67,1103.67,1103.67,2025
10:56:00,1104.1616,1104.8925,1104.1616,1104.8925,9751
10:57:00,1105.6,1105.6,1105.6,1105.6,1692
10:58:00,1105.2603,1105.2603,1105.2603,1105.2603,2104
10:59:00,1104.85,1104.85,1104.37,1104.37,5720
11:00:00,1104.26,1104.26,1104.26,1104.26,2374
11:01:00,1103.83,1105,1103.83,1104,8060
11:02:00,1103,1103,1103,1103,1480
11:03:00,1102.2632,1102.2632,1101.7,1101.7,6097
11:04:00,1102.4,1102.4,1100.77,1100.77,3332
11:05:00,1101.11,1101.11,1100.2,1100.2,3766
11:06:00,1100.6794,1100.6794,1100.6,1100.6,3004
11:07:00,1100,1101.2668,1100,1101.2668,9946
11:08:00,1100.6899,1100.75,1100.6899,1100.75,2968
11:09:00,1100.27,1101.03,1100.27,1101.03,3433
11:10:00,1100.51,1100.51,1100.51,1100.51,1789
11:11:00,1100.34,1100.41,1100.1899,1100.1899,7546
11:12:00,1099.41,1099.41,1098.72,1098.72,23545
11:13:00,1098.74,1100.05,1098.74,1100.05,5461
11:15:00,1098.64,1098.64,1097.71,1097.71,5216
11:16:00,1097.9399,1099.1899,1097.9399,1099.1899,2644
11:17:00,1098.6899,1098.6899,1098.6899,1098.6899,1804
11:19:00,1099,1099,1098.4301,1098.4301,3477
11:21:00,1097.5,1097.8199,1097.5,1097.8199,3765
11:22:00,1096.4351,1097.3427,1096.12,1096.12,7878
11:23:00,1096.03,1096.03,1096.03,1096.03,1964
11:24:00,1095.01,1095.01,1094.92,1094.92,5795
11:25:00,1093.8,1093.8,1093.8,1093.8,2025
11:26:00,1094.39,1094.98,1094.39,1094.98,3955
11:27:00,1095.53,1096.7365,1095.53,1096.7365,4351
11:28:00,1096.83,1096.83,1096.6353,1096.6353,3733
11:29:00,1096.3101,1096.3101,1096.3101,1096.3101,2226
11:30:00,1094.0699,1094.0699,1094.0643,1094.0643,10623
11:31:00,1093.87,1093.87,1093.3156,1093.3156,4213
11:32:00,1094.105,1094.105,1094.105,1094.105,1352
11:33:00,1095.115,1095.115,1095.115,1095.115,1526
11:34:00,1093.7117,1093.7117,1092.4,1093.5601,5225
11:35:00,1093.045,1093.045,1093.045,1093.045,908
11:36:00,1092,1092,1090.1392,1091.049,7277
11:37:00,1090.96,1090.96,1090,1090.37,7526
11:38:00,1091,1091.0601,1091,1091.0601,3290
11:39:00,1091.5649,1091.5649,1091.01,1091.01,6098
11:40:00,1091.9794,1092.3964,1091.8,1092.3964,5168
11:41:00,1091.7994,1092.2622,1091.7994,1092.2622,6082
11:42:00,1091.385,1091.385,1090.29,1090.29,3868
11:43:00,1089.6,1090.7,1089.6,1090.41,6299
11:44:00,1089.83,1089.83,1089.67,1089.67,3133
11:45:00,1089.98,1089.98,1087.99,1087.99,6730
11:46:00,1087.65,1087.65,1086.6678,1086.6678,7471
11:47:00,1085.78,1085.78,1083.35,1083.35,10465
11:48:00,1082.59,1084.2859,1082.59,1084.2859,4005
11:49:00,1085.26,1085.26,1084.42,1084.42,4769
11:50:00,1084.38,1085.53,1084.09,1084.1,7486
11:51:00,1085.16,1085.36,1084.98,1085.36,4578
11:52:00,1084.2,1084.51,1083.46,1083.46,8342
11:53:00,1084.26,1085.71,1084.26,1085.71,3988
11:54:00,1086,1086,1086,1086,2177
11:55:00,1085.14,1087,1085.14,1087,11333
11:56:00,1087.2649,1087.2649,1087,1087,2757
11:57:00,1087.2173,1087.2173,1087.2173,1087.2173,1760
11:58:00,1087.54,1087.54,1085.73,1085.73,5002
11:59:00,1085.6,1087.13,1085.6,1087.13,5057
12:00:00,1086.92,1087.49,1086.92,1087.49,3900
12:01:00,1086.605,1086.7,1086.3,1086.355,5658
12:02:00,1085.21,1085.62,1084.5,1084.5,3996
12:03:00,1085.4821,1086.42,1085.4821,1086.42,2436
12:04:00,1086.0601,1086.0601,1085.47,1085.47,2423
12:05:00,1086.33,1086.71,1086.33,1086.71,2237
12:06:00,1087.24,1087.405,1087.24,1087.405,3143
12:07:00,1087.9099,1088.6949,1087.9099,1088.6949,3198
12:08:00,1088.9988,1089.9399,1088.9988,1089.9399,5891
12:09:00,1090,1090,1088.9,1088.9,3341
12:10:00,1088.4301,1088.63,1087.98,1088.63,5736
12:11:00,1087.42,1087.42,1087.42,1087.42,2032
12:12:00,1087.22,1087.22,1087.22,1087.22,1148
12:13:00,1086.55,1087.96,1086.55,1087.96,2207
12:14:00,1087.55,1089.17,1087.55,1089.17,4605
12:15:00,1087.98,1088.13,1087.3101,1088.13,4538
12:16:00,1087.63,1088.24,1087.63,1088.24,3726
12:17:00,1086.89,1086.89,1085.59,1085.59,9183
12:18:00,1086.15,1086.45,1085.8,1085.8,7184
12:19:00,1085.905,1085.905,1085.905,1085.905,1035
12:20:00,1085.765,1085.765,1085.01,1085.6899,3320
12:21:00,1085.7,1085.7,1085.5811,1085.5811,2595
12:22:00,1087.08,1087.84,1087.08,1087.6899,4359
12:23:00,1087.46,1088.1346,1087.46,1087.61,3459
12:24:00,1088.04,1088.13,1087.5425,1087.995,9573
12:25:00,1088.21,1089.11,1088.21,1088.66,6339
12:26:00,1088.2,1088.5336,1088.1899,1088.5336,4200
12:27:00,1088.51,1090.58,1088.51,1090.58,6252
12:28:00,1090.77,1090.77,1090.2115,1090.2115,4322
12:29:00,1091.21,1091.8051,1091.21,1091.77,3915
12:30:00,1091.25,1091.25,1090.45,1090.45,5573
12:31:00,1090.8555,1090.8555,1090.2,1090.6801,4161
12:32:00,1091.2399,1091.2399,1090.97,1090.97,8652
12:33:00,1091.4301,1092.1899,1091.4301,1092.1899,3783
12:34:00,1092.76,1093.53,1092.76,1093.53,5710
12:35:00,1092.95,1093.6,1092.64,1093.6,5331
12:36:00,1092.67,1093.22,1092.1801,1093.22,5027
12:37:00,1092.74,1093.5699,1092.74,1093.5699,2884
12:38:00,1092.85,1092.88,1092.605,1092.88,5601
12:39:00,1091.86,1092.4,1091.86,1092.33,5259
12:40:00,1092.4399,1092.86,1091.84,1092.86,6134
12:41:00,1093.7,1093.7,1093.14,1093.14,3291
12:42:00,1094.3,1094.3,1093.58,1093.58,2898
12:43:00,1092.8,1093.58,1092.8,1093.58,2873
12:44:00,1093.697,1093.697,1092.77,1093.4301,3701
12:45:00,1092.48,1093.01,1092.48,1092.9038,3878
12:46:00,1092.84,1092.84,1091.8462,1091.8462,8498
12:47:00,1091.6602,1092.35,1091.66,1091.66,4480
12:48:00,1091.5149,1091.5149,1091.38,1091.38,4605
12:49:00,1091.15,1091.15,1091.15,1091.15,1274
12:50:00,1091.66,1091.67,1091.1899,1091.1899,2769
12:51:00,1090.89,1091.0601,1090.89,1091.0601,4358
12:52:00,1091.51,1091.51,1091.51,1091.51,2083
12:53:00,1091.13,1092.01,1091.13,1092.01,2406
12:54:00,1092.16,1092.16,1091.4399,1091.4399,4894
12:55:00,1091.11,1091.11,1090.42,1090.42,1986
12:56:00,1090.41,1090.8457,1090.41,1090.675,3826
12:57:00,1090,1090.77,1090,1090.77,5757
12:58:00,1091.5,1091.5,1090.1,1090.23,3976
12:59:00,1090.53,1090.53,1090.51,1090.51,2154
13:00:00,1089.88,1090.17,1089,1089,5964
13:01:00,1088.306,1088.7075,1088.306,1088.7075,5064
13:02:00,1089,1089,1089,1089,1067
13:03:00,1088.53,1088.66,1088.3,1088.63,6765
13:04:00,1088.335,1088.335,1087.985,1088.08,3449
13:05:00,1088.01,1088.01,1088.01,1088.01,1174
13:06:00,1087.2996,1087.5699,1087.15,1087.15,4142
13:07:00,1086.87,1086.99,1086.87,1086.99,865
13:08:00,1086.4301,1086.4301,1086.4301,1086.4301,936
13:09:00,1085.45,1085.45,1084.9,1085.34,6549
13:10:00,1085.0699,1085.67,1085.05,1085.08,4677
13:11:00,1085.1,1085.1,1084.84,1084.84,2246
13:12:00,1085.6183,1085.6183,1085.34,1085.6,2516
13:13:00,1084.98,1084.98,1084.98,1084.98,1425
13:14:00,1084.8319,1084.8319,1083.98,1083.98,5266
13:15:00,1085.085,1085.085,1084.67,1084.67,1866
13:16:00,1084.4301,1085.042,1084.4301,1084.4301,5166
13:17:00,1084.51,1084.88,1084.51,1084.88,2145
13:18:00,1084.1,1085,1084.1,1084.5601,5452
13:19:00,1083.4351,1083.4351,1083.4351,1083.4351,1464
13:20:00,1082.4,1082.4125,1082,1082,13389
13:21:00,1082.24,1082.24,1079.91,1080.25,40251
13:22:00,1081.24,1081.24,1079.48,1079.48,10571
13:23:00,1079.95,1079.95,1078.88,1078.88,10001
13:24:00,1079.11,1079.11,1077.1,1077.1,7799
13:25:00,1078.3,1078.3,1077.77,1077.77,2399
13:26:00,1077.6815,1078.3,1077.6815,1077.6899,3781
13:27:00,1077.9742,1078.42,1077.9742,1078.42,2243
13:28:00,1079.3466,1080.655,1079.3466,1080.655,4620
13:29:00,1080.6899,1080.8,1080.6899,1080.8,5020
13:30:00,1080.035,1080.035,1079.01,1079.01,4497
13:32:00,1079.6801,1081.65,1079.6801,1081.65,10621
13:33:00,1080.48,1081.36,1080.48,1081.11,3484
13:34:00,1080.78,1080.84,1079.41,1079.41,8982
13:35:00,1079.7048,1080.83,1079.42,1079.42,6460
13:36:00,1078.8,1079.4849,1078.8,1079.22,5293
13:37:00,1079.2,1080,1079.2,1080,1531
13:38:00,1079.9301,1079.9301,1079.8223,1079.8223,3009
13:39:00,1079.3101,1080,1079.3101,1080,6070
13:40:00,1080.78,1081.605,1080.78,1081.4301,10914
13:41:00,1081.35,1081.99,1081.1949,1081.585,13520
13:42:00,1081.455,1081.73,1080.92,1081.515,12500
13:43:00,1081.38,1081.38,1080.285,1080.285,5306
13:44:00,1079.28,1079.472,1079.28,1079.472,2243
13:45:00,1080.13,1080.13,1080.0699,1080.0699,2530
13:46:00,1080.9301,1081.9886,1080.9301,1081.38,4685
13:47:00,1082,1083.5901,1082,1083.14,5480
13:48:00,1082.9272,1082.9272,1082.705,1082.705,2624
13:49:00,1082.08,1082.08,1081.21,1081.5825,13305
13:50:00,1081.16,1081.88,1081.03,1081.88,5459
13:51:00,1083,1083.0905,1081.37,1082.88,7465
13:52:00,1082.02,1082.17,1081.1801,1081.1801,3692
13:53:00,1082.21,1082.21,1081.5472,1081.5472,4894
13:54:00,1080.4601,1081.485,1080.3101,1080.4899,9360
13:55:00,1079.22,1079.22,1079,1079,6910
13:56:00,1079.25,1081.2578,1079.25,1081.2578,3242
13:57:00,1079.9301,1079.9301,1078.7822,1079.21,4888
13:58:00,1080.05,1081,1080.05,1081,3916
13:59:00,1082.11,1082.11,1082.11,1082.11,910
14:00:00,1082.45,1083.02,1082.45,1083.02,3769
14:01:00,1083.6801,1083.6801,1082.5601,1082.5601,2620
14:02:00,1083.9,1086.14,1083.9,1086.14,11008
14:03:00,1086.115,1086.51,1086.115,1086.5,4178
14:04:00,1086.91,1086.91,1086.04,1086.04,4179
14:05:00,1086.4326,1086.4326,1086.25,1086.25,3234
14:06:00,1085.8199,1085.8199,1085.11,1085.11,5304
14:07:00,1085,1085.45,1085,1085.45,5050
14:08:00,1086,1087.91,1086,1087.91,4131
14:09:00,1087.15,1087.97,1087.15,1087.97,4695
14:10:00,1087.25,1087.25,1086.76,1086.76,4258
14:12:00,1086,1086.2599,1086,1086.2599,2321
14:13:00,1086.47,1086.895,1086.47,1086.895,2487
14:14:00,1086.42,1086.42,1086.41,1086.41,2297
14:15:00,1085.5,1085.9581,1085.5,1085.9581,2201
14:16:00,1085,1085,1084.9351,1084.9351,2647
14:17:00,1084.765,1085.14,1084.765,1085,3129
14:18:00,1084.65,1085.42,1084.65,1085.42,3565
14:19:00,1085.8278,1085.8278,1085.8278,1085.8278,1003
14:20:00,1085.16,1085.16,1084.29,1084.29,2777
14:21:00,1083.9301,1084.35,1083.9301,1084.35,3121
14:22:00,1084.35,1085.0204,1084.35,1085.0204,3049
14:23:00,1084.85,1086.59,1084.85,1086.59,4836
14:24:00,1087.48,1087.7,1087.3,1087.7,6181
14:25:00,1088.12,1089.24,1088.12,1089.24,3108
14:26:00,1088.97,1088.97,1088.5103,1088.5103,3675
14:27:00,1088.9253,1089.02,1088.59,1089.02,3092
14:28:00,1089,1089,1086,1086,4266
14:29:00,1086.54,1088.2196,1086.54,1088.2196,4087
14:30:00,1087.5,1087.7993,1087.5,1087.7993,3562
14:31:00,1087.25,1087.25,1087.1708,1087.1708,1881
14:32:00,1086.905,1086.905,1086.905,1086.905,1982
14:33:00,1087.475,1087.58,1086.86,1086.86,3789
14:34:00,1087.2,1087.2,1087.2,1087.2,771
14:35:00,1088,1088.99,1088,1088.446,4785
14:36:00,1087.84,1089.97,1086.97,1089.22,9360
14:37:00,1089.66,1089.66,1087.74,1089.11,8299
14:38:00,1089.4529,1090.89,1089.4529,1090.4976,5452
14:39:00,1089.7931,1089.7931,1088.9,1088.9,2722
14:40:00,1087.74,1088.61,1087.74,1088.505,8164
14:41:00,1088.1801,1088.1801,1087.6949,1087.6949,2533
14:42:00,1088.1899,1088.33,1087.99,1087.99,5547
14:43:00,1088.215,1088.215,1088.215,1088.215,1462
14:44:00,1088.72,1089.65,1088.72,1089.65,3327
14:45:00,1089.3726,1090.84,1089.3726,1090.84,2628
14:46:00,1090.65,1092.03,1090.65,1091.67,4536
14:47:00,1091.1959,1091.1959,1091.1959,1091.1959,1216
14:48:00,1090.22,1090.22,1089.8199,1089.8199,2518
14:49:00,1089.73,1090.5,1089.73,1090.5,4220
14:50:00,1090.5,1090.5,1090.5,1090.5,851
14:51:00,1090.3,1090.47,1090.3,1090.47,5218
14:52:00,1090.8101,1092.15,1090.74,1092,6332
14:53:00,1091.4449,1091.86,1090.91,1090.91,3263
14:54:00,1091.39,1092.561,1091.39,1092.561,4188
14:55:00,1092.5,1092.5,1091.8904,1091.8904,3115
14:56:00,1092.3,1092.3,1091.785,1092.12,6303
14:57:00,1091.71,1091.87,1091.71,1091.87,2547
14:58:00,1091.8044,1091.8044,1091.28,1091.28,2643
14:59:00,1090.885,1090.885,1090.5983,1090.5983,4825
15:00:00,1090.2157,1090.2157,1090.2157,1090.2157,1353
15:01:00,1091.29,1091.29,1090.24,1090.24,2847
15:02:00,1090.61,1091.15,1089.8,1089.8,5873
15:03:00,1090.015,1090.1,1089.54,1089.54,3067
15:04:00,1088.71,1088.71,1088.17,1088.45,4650
15:05:00,1088.64,1088.64,1088.64,1088.64,1267
15:06:00,1087.65,1087.66,1087.65,1087.66,1615
15:07:00,1087.79,1087.79,1087,1087,2791
15:08:00,1086.8101,1087.3199,1086.8101,1087.3199,3079
15:09:00,1087.1,1087.1,1087.1,1087.1,1457
15:10:00,1087.54,1087.54,1087.3199,1087.3199,2256
15:11:00,1087.26,1087.26,1087.26,1087.26,926
15:12:00,1087.17,1087.17,1086.6542,1086.6542,5880
15:13:00,1086.5601,1086.89,1086.5601,1086.89,2245
15:14:00,1086.635,1086.635,1086.635,1086.635,534
15:15:00,1086.5,1086.5,1086.24,1086.42,5590
15:16:00,1086.535,1086.535,1086.535,1086.535,1615
15:17:00,1086.41,1088.3429,1086.41,1088.3429,3782
15:18:00,1088.77,1089.84,1088.77,1089.4662,4732
15:19:00,1089.3105,1089.3105,1089.1899,1089.1899,1999
15:20:00,1088.24,1088.24,1087.85,1087.85,3795
15:21:00,1087.42,1087.71,1087.22,1087.71,2347
15:22:00,1087.1801,1087.3,1087.15,1087.15,733
15:23:00,1086.1707,1086.7911,1085.95,1086.7911,3865
15:24:00,1087.8199,1088.88,1087.415,1088.88,3978
15:25:00,1089,1089.16,1087.9346,1088.73,4273
15:26:00,1088.21,1088.77,1088.2,1088.58,1293
15:27:00,1089.135,1089.135,1088.14,1089.03,2924
15:28:00,1089.592,1089.592,1088.84,1088.84,2629
15:29:00,1089.2,1090.8199,1089.2,1090.4023,5113
15:30:00,1090.05,1090.1986,1088.79,1088.79,3444
15:31:00,1088.7,1088.7,1086.55,1087.2469,3257
15:32:00,1087.015,1087.4301,1086.61,1087.16,2706
15:33:00,1087.6403,1088.4301,1087.6403,1088.4,4632
15:34:00,1088.1663,1088.5601,1087.7,1087.7,3490
15:35:00,1087.95,1087.95,1086.14,1086.14,5589
15:36:00,1086.0172,1087.1614,1086.0172,1087.1614,5188
15:37:00,1086.9399,1088,1086.74,1087.33,1589
15:38:00,1087.42,1087.5649,1087.2,1087.5649,3952
15:39:00,1088.1801,1088.4,1088.1801,1088.4,3779
15:40:00,1089.01,1089.26,1088.99,1089.26,6972
15:41:00,1089.52,1090.52,1089.51,1090.52,10163
15:42:00,1090.11,1090.11,1089.4276,1089.4276,3301
15:43:00,1089.0601,1089.0601,1088.24,1088.24,6686
15:44:00,1088.275,1088.35,1087.87,1087.87,6043
15:45:00,1088.4301,1088.4301,1088.1949,1088.1949,3000
15:46:00,1087.72,1088.83,1087.72,1088.83,8612
15:47:00,1088.895,1088.895,1087.66,1087.66,7593
15:48:00,1087.725,1088.59,1087.725,1088.59,4589
15:49:00,1088.4,1088.49,1087.78,1087.78,7797
15:50:00,1088.01,1088.59,1088.01,1088.37,6825
15:51:00,1087.9301,1087.9301,1086.48,1087.4,13078
15:52:00,1087.05,1087.23,1086.14,1086.45,7494
15:53:00,1086.4412,1086.88,1086.4412,1086.6801,7281
15:54:00,1086.87,1087.83,1086.76,1086.76,11516
15:55:00,1087.05,1087.05,1086.285,1086.285,7040
15:56:00,1086,1086.34,1085.61,1086.34,8262
15:57:00,1086.22,1086.6899,1086.22,1086.6899,8066
15:58:00,1087.14,1087.4399,1086.29,1086.29,8580
15:59:00,1086.14,1086.79,1085.84,1085.84,13638
16:00:00,1085.51,1087.9,1085.51,1087.63,32782
9:31:00,1094.62,1095.14,1093.7,1095.14,142633
9:32:00,1093.29,1095.15,1093.29,1095.15,4796
9:33:00,1095.8101,1095.8101,1095.715,1095.715,4186
9:34:00,1095.96,1097.9,1095.96,1097.9,8169
9:35:00,1097.29,1097.5551,1097.29,1097.3,7025
9:36:00,1095.97,1096.1194,1095.97,1096.1194,7176
9:37:00,1096.65,1097.39,1096.65,1097.39,3838
9:38:00,1098.4575,1098.4575,1098.4575,1098.4575,2816
9:39:00,1100,1100.6165,1099.92,1100.6165,12670
9:40:00,1103.75,1103.75,1103.5,1103.5,6323
9:41:00,1102.5804,1102.5804,1101.79,1101.79,5487
9:42:00,1103.0891,1103.41,1103.0699,1103.0699,7364
9:43:00,1103.6,1103.6,1102.63,1102.63,3702
9:44:00,1102.7274,1102.7274,1102.7274,1102.7274,2158
9:45:00,1102.2751,1102.2751,1101.99,1101.99,4441
9:46:00,1103.13,1103.13,1103.13,1103.13,2398
9:47:00,1100.71,1101.03,1100.71,1101.03,5918
9:48:00,1102.2532,1102.2532,1102.2532,1102.2532,1820
9:49:00,1102.1704,1102.7,1102.1704,1102.7,4142
9:50:00,1103.35,1103.5,1103.35,1103.5,6262
9:51:00,1104,1106.0601,1104,1106.0601,11392
9:52:00,1106.96,1106.96,1106.3564,1106.3564,5677
9:53:00,1105.5,1105.5,1104.8051,1104.8051,4680
9:54:00,1104.8101,1106.45,1104.8101,1106.45,3963
9:55:00,1106.26,1106.26,1105.34,1105.34,5878
9:56:00,1106.52,1106.52,1106.52,1106.52,4423
9:57:00,1106.3101,1106.3101,1106.3101,1106.3101,2528
9:58:00,1105.9048,1106,1105.9048,1106,3749
9:59:00,1104.983,1104.983,1104.983,1104.983,2117
10:00:00,1105.17,1105.17,1104.73,1104.9301,4811
10:01:00,1105.49,1106.78,1105.14,1105.14,7910
10:02:00,1105.9301,1105.9301,1105.9301,1105.9301,2288
10:03:00,1106,1106.64,1106,1106.64,3888
10:04:00,1106.765,1108.71,1106.765,1108.71,10988
10:05:00,1108.99,1108.99,1108.99,1108.99,2508
10:06:00,1109.98,1109.98,1109.88,1109.88,5204
10:07:00,1109.03,1109.03,1108.9351,1108.9351,3693
10:08:00,1108.89,1108.89,1108.89,1108.89,1857
10:09:00,1108.65,1109.03,1108.65,1109.03,3351
10:10:00,1107.84,1107.84,1107.84,1107.84,2949
10:11:00,1107.85,1107.85,1107.84,1107.84,3322
10:12:00,1108.4381,1108.45,1108.4381,1108.45,4537
10:13:00,1107.89,1107.89,1107.89,1107.89,1846
10:14:00,1108.2654,1108.2654,1107,1107,4112
10:15:00,1107.3665,1107.3665,1107.3665,1107.3665,1209
10:16:00,1106.9301,1107.21,1106.9301,1107.21,5042
10:17:00,1106.3101,1107.01,1106.3101,1107.01,2909
10:19:00,1106.72,1106.72,1106.49,1106.49,3423
10:20:00,1106.8553,1106.8553,1106.8553,1106.8553,2429
10:21:00,1106.46,1106.46,1106.28,1106.28,4225
10:22:00,1106.4054,1106.4054,1106.4054,1106.4054,1949
10:23:00,1106.2,1106.2,1106.2,1106.2,1531
10:24:00,1108.03,1108.03,1108.03,1108.03,2688
10:25:00,1107.63,1107.63,1106.455,1106.455,3357
10:26:00,1105.16,1105.16,1104.9775,1104.9775,3378
10:27:00,1103.58,1103.58,1103.58,1103.58,1689
10:28:00,1104.51,1104.51,1104.51,1104.51,2834
10:29:00,1102.97,1102.97,1102.97,1102.97,1640
10:30:00,1103.63,1103.63,1102.6876,1102.6876,2723
10:31:00,1103.83,1103.83,1103.83,1103.83,3072
10:32:00,1103.72,1103.72,1103.72,1103.72,1826
10:33:00,1103.53,1103.53,1103.53,1103.53,2170
10:34:00,1104.05,1105.59,1104.05,1105.59,6102
10:35:00,1105.99,1105.99,1105.99,1105.99,2265
10:36:00,1106.12,1106.12,1104.7301,1104.7301,3990
10:37:00,1104.2332,1104.2332,1104.2332,1104.2332,1209
10:38:00,1103.0601,1103.0601,1103.0601,1103.0601,1629
10:40:00,1102.5557,1102.89,1102.5557,1102.89,3753
10:41:00,1102.84,1102.84,1102.84,1102.84,826
10:42:00,1101.8601,1101.8601,1101.8601,1101.8601,2173
10:43:00,1101.5,1101.5,1101.5,1101.5,1973
10:44:00,1100.14,1100.14,1100.14,1100.14,1733
10:45:00,1100.83,1101.0852,1100.83,1101.0852,3675
10:46:00,1101.0194,1101.0194,1101.0194,1101.0194,3566
10:47:00,1100.548,1100.548,1100.548,1100.548,2174
10:48:00,1100.7975,1100.7975,1100,1100,7861
10:49:00,1099.0281,1099.0281,1097.65,1097.65,5609
10:50:00,1098.01,1098.01,1098.01,1098.01,2661
10:51:00,1097.77,1097.77,1097.03,1097.03,3863
10:52:00,1097.49,1097.49,1097.49,1097.49,904
10:53:00,1098,1098.4301,1098,1098.4301,2277
10:55:00,1098.28,1098.28,1097.75,1097.75,3903
10:56:00,1097.605,1097.605,1097.605,1097.605,1278
10:57:00,1099.28,1099.28,1099.28,1099.28,1721
10:58:00,1098.66,1098.8904,1098.66,1098.8904,3016
11:00:00,1099.525,1100.13,1099.525,1100.13,5092
11:01:00,1100.89,1100.89,1100.89,1100.89,1552
11:02:00,1102.35,1102.35,1102.35,1102.35,1734
11:03:00,1102.1663,1102.1663,1101.64,1101.64,3281
11:04:00,1101.74,1101.74,1101.74,1101.74,2402
11:05:00,1100.48,1100.48,1100.48,1100.48,2432
11:06:00,1100.645,1100.645,1100.645,1100.645,1145
11:07:00,1100.6057,1100.6057,1100.6057,1100.6057,1629
11:08:00,1100.92,1100.92,1100.92,1100.92,1486
11:09:00,1100.91,1100.91,1100.91,1100.91,1024
11:11:00,1101.1796,1101.63,1101.1796,1101.63,3976
11:12:00,1100.3611,1100.3611,1100.3611,1100.3611,1504
11:13:00,1099.5004,1099.5004,1099.5004,1099.5004,1999
11:14:00,1100.1801,1100.1801,1100.1801,1100.1801,1025
11:15:00,1100.71,1100.71,1099.91,1099.91,2983
11:16:00,1101.26,1101.26,1101.26,1101.26,1442
11:17:00,1101.5714,1101.5714,1101.25,1101.25,3353
11:18:00,1101.08,1101.085,1101.08,1101.085,4096
11:20:00,1100.995,1100.995,1100.995,1100.995,2197
11:21:00,1100.38,1100.38,1100.38,1100.38,1619
11:22:00,1100.55,1100.6899,1100.55,1100.6899,2433
11:23:00,1099.14,1099.14,1098.8937,1098.8937,5624
11:25:00,1098.08,1098.08,1097.36,1097.36,2210
11:26:00,1097.52,1097.52,1097.52,1097.52,839
11:27:00,1098.29,1098.29,1098.29,1098.29,1168
11:28:00,1098,1098,1098,1098,2127
11:29:00,1098.17,1098.4464,1098.17,1098.4464,4803
11:30:00,1097.5,1097.5,1097.5,1097.5,1332
11:31:00,1097.73,1097.73,1097.73,1097.73,1586
11:32:00,1098.1844,1098.1844,1098.1844,1098.1844,1885
11:33:00,1097.1801,1097.1801,1097.1801,1097.1801,3764
11:34:00,1096.11,1096.11,1096.11,1096.11,977
11:35:00,1096.1,1096.1,1096.1,1096.1,1200
11:36:00,1097.78,1097.78,1097.52,1097.52,4153
11:37:00,1097.76,1097.76,1097.11,1097.11,3220
11:38:00,1097.12,1097.12,1097.12,1097.12,1111
11:39:00,1096.99,1096.99,1096.99,1096.99,807
11:40:00,1097.17,1097.17,1097.17,1097.17,1205
11:41:00,1098.17,1098.17,1097.5142,1097.5142,2026
11:42:00,1097.5,1097.5,1097.5,1097.5,969
11:43:00,1096.04,1096.04,1094.65,1094.65,7044
11:44:00,1095.88,1095.88,1095.88,1095.88,1863
11:45:00,1095.6194,1095.6194,1095.6194,1095.6194,1240
11:46:00,1095.2928,1097.392,1095.2928,1097.392,1545
11:47:00,1097,1097,1096.905,1096.905,1792
11:48:00,1097.425,1097.425,1097.425,1097.425,1607
11:49:00,1097.71,1097.71,1097.561,1097.561,2763
11:50:00,1097.8925,1097.8925,1097.8925,1097.8925,1619
11:51:00,1096.965,1096.965,1096.965,1096.965,786
11:52:00,1098.4,1098.4,1098.02,1098.02,5545
11:53:00,1098.1,1098.1,1098.1,1098.1,794
11:54:00,1097.25,1097.25,1097.25,1097.25,1051
11:55:00,1094.29,1095.0294,1094.29,1095.0294,2227
11:56:00,1094.09,1094.09,1094.09,1094.09,987
11:57:00,1094.6404,1094.6404,1094.6404,1094.6404,1475
11:58:00,1094.99,1094.99,1094.7148,1094.7148,2896
11:59:00,1096.4795,1096.4795,1096.4795,1096.4795,913
12:00:00,1097.6899,1099,1097.6899,1098.33,4074
12:01:00,1099.3101,1099.3101,1098.45,1098.45,2480
12:02:00,1098.67,1099.03,1098.67,1099.03,1856
12:04:00,1098.505,1099.0551,1098.505,1099.0551,1409
12:05:00,1098.14,1098.14,1097.425,1097.425,2862
12:06:00,1099.09,1099.09,1099.09,1099.09,955
12:07:00,1099.16,1099.16,1099.14,1099.14,3730
12:08:00,1098.25,1098.25,1098.25,1098.25,750
12:09:00,1098.2885,1098.2885,1098.2885,1098.2885,1127
12:10:00,1099.08,1099.08,1099.08,1099.08,1332
12:11:00,1099.08,1099.08,1098.8,1098.8,1823
12:12:00,1098.12,1098.42,1098.12,1098.42,2637
12:13:00,1097.65,1097.65,1097.58,1097.58,2872
12:15:00,1098.39,1098.39,1097.47,1097.47,2151
12:16:00,1097.9399,1097.9399,1096.3269,1096.3269,3420
12:18:00,1098.6801,1098.6801,1097.83,1097.83,2574
12:19:00,1096.9,1096.9,1096.9,1096.9,2800
12:20:00,1095.605,1096.36,1095.605,1096.36,1932
12:22:00,1094.9,1094.9,1094.9,1094.9,2092
12:23:00,1094.16,1094.4351,1093.9449,1094.4351,4569
12:24:00,1094.12,1094.37,1094.12,1094.37,3465
12:25:00,1092.76,1092.76,1092.76,1092.76,1575
12:26:00,1092.8,1092.8,1092.8,1092.8,2342
12:27:00,1092.05,1092.05,1092.05,1092.05,1459
12:28:00,1091.61,1091.61,1091,1091,2452
12:29:00,1091.34,1091.89,1090.85,1090.85,5173
12:31:00,1091.4888,1091.4888,1091.4888,1091.4888,1323
12:32:00,1091.5353,1091.5353,1090.5,1090.5,1592
12:34:00,1091.2125,1091.2125,1091.2125,1091.2125,462
12:35:00,1090.73,1090.73,1088.86,1088.86,3237
12:36:00,1088.99,1090.02,1088.99,1090.02,3749
12:37:00,1090.7,1091.1674,1090.7,1091.1674,2400
12:38:00,1089.37,1089.37,1089.37,1089.37,1403
12:39:00,1088.8926,1088.8926,1088.8926,1088.8926,1338
12:40:00,1090,1090,1090,1090,761
12:41:00,1088.5,1088.72,1088.5,1088.72,2469
12:42:00,1089.5,1089.5,1089.5,1089.5,1413
12:43:00,1090.23,1090.23,1090.23,1090.23,1789
12:44:00,1090.96,1090.96,1090.7554,1090.7554,2636
12:46:00,1092.36,1092.36,1092.36,1092.36,938
12:47:00,1092.02,1092.3695,1092.02,1092.3695,19305
12:48:00,1093.14,1093.8174,1093.14,1093.8174,3129
12:49:00,1092.59,1092.59,1092.59,1092.59,927
12:50:00,1093.0654,1093.0654,1093.0654,1093.0654,1118
12:51:00,1092.3708,1092.3708,1092.3708,1092.3708,1140
12:52:00,1092.33,1092.33,1092.33,1092.33,809
12:53:00,1093.1295,1093.1295,1093.1295,1093.1295,1102
12:55:00,1094.8861,1096.33,1094.8861,1096.33,2017
12:56:00,1097.615,1097.615,1097.615,1097.615,1636
12:57:00,1096.3101,1096.77,1096.3101,1096.77,2629
12:59:00,1096.571,1096.571,1096.571,1096.571,765
13:00:00,1097.49,1097.49,1097.49,1097.49,1270
13:01:00,1096.48,1096.48,1096.2748,1096.2748,2448
13:03:00,1095.23,1095.23,1095.23,1095.23,574
13:04:00,1094.58,1094.8409,1094.58,1094.8409,1229
13:05:00,1095.2396,1095.2396,1095.2396,1095.2396,539
13:06:00,1095,1095.1364,1095,1095.1364,2679
13:07:00,1095.5856,1095.5856,1095.5856,1095.5856,326
13:09:00,1095.85,1095.85,1093.09,1093.09,5075
13:10:00,1093.0144,1093.0144,1093.0144,1093.0144,966
13:11:00,1094.8958,1094.8958,1094.8958,1094.8958,655
13:13:00,1096.8899,1096.8899,1096.88,1096.88,2265
13:14:00,1097.4655,1097.4655,1097.01,1097.01,2421
13:15:00,1098.325,1098.325,1098.325,1098.325,1007
13:16:00,1098,1098.74,1098,1098.74,1816
13:17:00,1099.96,1099.96,1099.4655,1099.665,3487
13:18:00,1099.51,1099.51,1099.21,1099.21,3375
13:19:00,1100,1100,1100,1100,1232
13:20:00,1099.5101,1099.98,1099.4399,1099.98,2933
13:22:00,1099.05,1099.52,1098.65,1098.65,2701
13:23:00,1099.35,1099.35,1099.35,1099.35,259
13:25:00,1099.7,1099.7,1099.7,1099.7,500
13:26:00,1099.72,1099.72,1099.25,1099.6371,3100
13:27:00,1099.5601,1099.5601,1099.5601,1099.5601,952
13:28:00,1099.04,1099.04,1099.04,1099.04,679
13:29:00,1099.1899,1099.1899,1099.1899,1099.1899,1004
13:30:00,1099.51,1099.51,1099.51,1099.51,2625
13:31:00,1098.85,1099.79,1098.85,1099.79,3144
13:32:00,1100.39,1100.39,1100.39,1100.39,761
13:34:00,1100.36,1100.8199,1099.9454,1099.9454,3057
13:36:00,1099.1,1099.1,1099.1,1099.1,1596
13:39:00,1099.959,1099.959,1099.75,1099.75,1863
13:40:00,1099.7831,1099.7831,1099.7831,1099.7831,397
13:41:00,1099.12,1100.01,1099.12,1100.01,1503
13:43:00,1100.615,1100.615,1098.4788,1098.4788,3446
13:44:00,1097.8923,1097.8923,1097.72,1097.72,1996
13:46:00,1096.99,1096.99,1096.99,1096.99,1140
13:47:00,1097.95,1097.95,1097.95,1097.95,432
13:48:00,1098.4766,1098.4766,1098.4766,1098.4766,270
13:49:00,1098.65,1098.65,1098.65,1098.65,982
13:50:00,1098.34,1098.34,1098.34,1098.34,638
13:51:00,1099.08,1099.08,1099.08,1099.08,602
13:52:00,1098.85,1099.3,1098.85,1099.3,1080
13:55:00,1097.71,1097.71,1097.2972,1097.2972,2074
13:56:00,1097.22,1097.64,1097.22,1097.64,1094
13:57:00,1096.9205,1096.9205,1096.9205,1096.9205,791
13:58:00,1096.85,1096.85,1096.2938,1096.2938,2420
14:00:00,1094.85,1094.9,1094.8199,1094.9,3075
14:01:00,1094.75,1094.75,1094.22,1094.22,2146
14:02:00,1093.14,1093.15,1093.14,1093.15,1407
14:03:00,1093.39,1093.39,1092.52,1092.52,3096
14:04:00,1092.21,1092.21,1092.21,1092.21,731
14:05:00,1091.42,1091.42,1091.3199,1091.3199,1349
14:06:00,1090,1090.0699,1089.5601,1089.5601,3026
14:07:00,1088.1801,1088.225,1088,1088.225,4706
14:08:00,1088.58,1088.58,1088.58,1088.58,2938
14:10:00,1089.1801,1089.26,1089.1801,1089.26,1556
14:11:00,1089.35,1089.35,1089.35,1089.35,1393
14:12:00,1092.04,1092.04,1091.48,1091.48,2881
14:13:00,1091.84,1091.84,1091.663,1091.663,3995
14:14:00,1091.5601,1092.5699,1091.5601,1092.5699,3247
14:15:00,1091.77,1091.77,1091.77,1091.77,1386
14:16:00,1090.795,1090.795,1090.795,1090.795,1298
14:17:00,1090.65,1090.65,1090.65,1090.65,948
14:18:00,1089.9934,1089.9934,1089.9934,1089.9934,883
14:19:00,1090.36,1090.36,1090.36,1090.36,639
14:20:00,1090.3412,1090.3412,1089.73,1089.73,1391
14:21:00,1089.12,1090.54,1089.12,1090.54,1573
14:22:00,1091.8,1092.2799,1091.8,1092.2799,3099
14:23:00,1091.5699,1091.5699,1091.5699,1091.5699,730
14:24:00,1091.7701,1094.24,1091.7701,1094.24,2079
14:25:00,1092.7301,1093.3199,1092.7301,1093.26,3868
14:26:00,1094.53,1094.53,1093.73,1093.73,3794
14:28:00,1093.0438,1093.0438,1093.0438,1093.0438,911
14:29:00,1092.441,1093.42,1092.441,1093.42,2269
14:30:00,1093.6801,1093.6801,1093.6801,1093.6801,1174
14:31:00,1092.16,1092.16,1091.9301,1091.9301,1420
14:32:00,1091.96,1091.96,1091.4493,1091.4493,1724
14:33:00,1092.41,1092.41,1092.41,1092.41,1333
14:34:00,1092.48,1092.48,1092.48,1092.48,1667
14:35:00,1092.12,1092.12,1091.05,1091.05,2472
14:36:00,1092.74,1092.74,1092.74,1092.74,609
14:37:00,1092.71,1092.71,1092.71,1092.71,723
14:39:00,1093.8,1093.8,1093.475,1093.475,3091
14:40:00,1092.67,1092.67,1092.67,1092.67,698
14:41:00,1093.92,1093.92,1093.92,1093.92,1847
14:43:00,1093.92,1093.92,1093.92,1093.92,593
14:44:00,1093.6659,1093.6659,1093.6659,1093.6659,482
14:45:00,1093.74,1093.74,1092.34,1092.34,5318
14:47:00,1093.0699,1093.1801,1093.0699,1093.1801,2053
14:49:00,1094.4,1094.4,1093.6899,1093.6899,2783
14:50:00,1093.5699,1095.1899,1093.5699,1095.1899,2418
14:51:00,1095.75,1095.75,1095.75,1095.75,1475
14:53:00,1095.76,1095.91,1095.47,1095.47,2335
14:54:00,1095.24,1095.24,1095.24,1095.24,1377
14:55:00,1095.7,1095.7,1094.92,1094.92,1927
14:56:00,1094.37,1094.89,1094.37,1094.89,1809
14:57:00,1095.2,1095.2,1095.2,1095.2,930
14:58:00,1095.01,1095.01,1095.01,1095.01,136
14:59:00,1095.76,1095.76,1095.72,1095.72,1720
15:00:00,1094.04,1094.04,1094.04,1094.04,1312
15:01:00,1093.59,1094.4,1093.59,1094.4,1939
15:02:00,1093.86,1093.86,1093.86,1093.86,1428
15:03:00,1094.603,1094.603,1094.603,1094.603,724
15:04:00,1093.78,1093.78,1093.78,1093.78,916
15:05:00,1093.36,1093.36,1092.4399,1092.4399,1989
15:06:00,1092.92,1093.6,1092.92,1093.6,2043
15:07:00,1093.14,1093.14,1092.45,1092.45,2249
15:08:00,1091.99,1091.99,1091.98,1091.98,1991
15:09:00,1093.0699,1093.0699,1092.46,1092.46,1907
15:10:00,1093.3199,1093.3199,1093.27,1093.27,2076
15:11:00,1093.53,1093.53,1093.53,1093.53,912
15:12:00,1094.6342,1094.6342,1093.64,1093.64,2518
15:13:00,1093.51,1093.74,1093.51,1093.74,2554
15:14:00,1093.45,1093.45,1093.45,1093.45,1403
15:15:00,1093.51,1094,1093.51,1094,3030
15:16:00,1093.98,1093.98,1093.96,1093.96,2325
15:17:00,1092.86,1092.86,1092.14,1092.14,1525
15:18:00,1092.89,1092.89,1092.89,1092.89,1076
15:19:00,1092.985,1093.28,1092.985,1093.28,1548
15:20:00,1094.63,1094.97,1094.63,1094.97,2430
15:21:00,1094.4301,1095.39,1094.4301,1095.39,2360
15:22:00,1096.0699,1096.0699,1095.4,1095.4,1704
15:23:00,1095.26,1095.3101,1095.26,1095.3101,2477
15:24:00,1094.61,1094.64,1094.61,1094.64,1771
15:25:00,1094.3101,1094.3101,1094.3101,1094.3101,880
15:26:00,1094.5601,1095.76,1094.5601,1095.76,4543
15:27:00,1095.87,1096.79,1095.87,1096.2,4507
15:28:00,1097.25,1097.9,1096.8,1096.88,5629
15:30:00,1098.34,1098.9,1098.34,1098.88,5522
15:31:00,1098.0646,1098.0646,1098.0646,1098.0646,1078
15:32:00,1098.25,1098.46,1098.25,1098.46,2103
15:33:00,1097.8767,1098.75,1097.8767,1098.75,2688
15:34:00,1098.8289,1099.17,1098.8289,1099.17,4085
15:35:00,1100,1100,1098.98,1098.98,7347
15:36:00,1098.27,1098.79,1098.27,1098.79,2639
15:37:00,1098.85,1098.85,1098.42,1098.63,3325
15:38:00,1098.0699,1098.0699,1098.0699,1098.0699,1913
15:39:00,1098.37,1098.37,1097.67,1098.27,3150
15:40:00,1097.5699,1097.5699,1097.3,1097.3,4113
15:41:00,1097.27,1097.6801,1097.27,1097.6801,2596
15:42:00,1097.04,1097.53,1097.04,1097.53,3314
15:43:00,1097.55,1097.55,1096.99,1096.99,3559
15:44:00,1097.175,1097.175,1097.175,1097.175,709
15:45:00,1097.77,1097.95,1097.6801,1097.95,4390
15:46:00,1098.15,1099.01,1098.15,1098.65,6614
15:47:00,1098.3,1098.3,1097.24,1097.24,2907
15:48:00,1097.485,1097.8199,1097.485,1097.8199,2216
15:49:00,1097.1949,1097.65,1097.1949,1097.5,8911
15:50:00,1097.66,1098.73,1097.66,1098.73,6270
15:51:00,1098.5699,1099.9,1098.5699,1099.1801,8689
15:52:00,1099.145,1099.6,1098.85,1099.6,5824
15:53:00,1099.59,1099.6801,1099.59,1099.6801,3758
15:54:00,1099.15,1099.7,1099.15,1099.3101,2992
15:55:00,1098.37,1098.37,1097.6899,1097.88,4353
15:56:00,1097.72,1097.72,1096.61,1096.7,7385
15:57:00,1096.36,1096.59,1096.22,1096.22,8192
15:58:00,1096.01,1096.34,1095.55,1096.34,12709
15:59:00,1096.8,1096.8,1095.6801,1095.6801,9259
16:00:00,1095.97,1095.97,1095.97,1095.97,154877